192.175.3.0,dd-aps2.eml100syd.ctr.sophos.com,delta-delivery
192.175.3.1,dd-aps2.eml100syd.ctr.sophos.com,delta-delivery
192.175.3.2,dd-aps2.eml100syd.ctr.sophos.com,delta-delivery
192.175.3.3,dd-aps2.eml100syd.ctr.sophos.com,delta-delivery
192.175.3.4,dd-aps2.eml100syd.ctr.sophos.com,delta-delivery
192.175.3.5,dd-aps2.eml100syd.ctr.sophos.com,delta-delivery
192.175.3.6,dd-aps2.eml100syd.ctr.sophos.com,delta-delivery
192.175.3.7,dd-aps2.eml100syd.ctr.sophos.com,delta-delivery
192.175.3.8,dd-aps2.eml100syd.ctr.sophos.com,delta-delivery
192.175.3.9,dd-aps2.eml100syd.ctr.sophos.com,delta-delivery
192.175.3.10,dd-aps2.eml100syd.ctr.sophos.com,delta-delivery
192.175.3.11,dd-aps2.eml100syd.ctr.sophos.com,delta-delivery
192.175.3.12,dd-aps2.eml100syd.ctr.sophos.com,delta-delivery
192.175.3.13,dd-aps2.eml100syd.ctr.sophos.com,delta-delivery
192.175.3.14,dd-aps2.eml100syd.ctr.sophos.com,delta-delivery
192.175.3.15,dd-aps2.eml100syd.ctr.sophos.com,delta-delivery
192.175.3.16,dd-aps2.eml100syd.ctr.sophos.com,delta-delivery
192.175.3.17,dd-aps2.eml100syd.ctr.sophos.com,delta-delivery
192.175.3.18,dd-aps2.eml100syd.ctr.sophos.com,delta-delivery
192.175.3.19,dd-aps2.eml100syd.ctr.sophos.com,delta-delivery
192.175.3.20,dd-aps2.eml100syd.ctr.sophos.com,delta-delivery
192.175.3.21,dd-aps2.eml100syd.ctr.sophos.com,delta-delivery
192.175.3.22,dd-aps2.eml100syd.ctr.sophos.com,delta-delivery
192.175.3.23,dd-aps2.eml100syd.ctr.sophos.com,delta-delivery
192.175.3.24,dd-aps2.eml100syd.ctr.sophos.com,delta-delivery
192.175.3.25,dd-aps2.eml100syd.ctr.sophos.com,delta-delivery
192.175.3.26,dx-aps2.eml100syd.ctr.sophos.com,delta-xdelivery
192.175.3.27,dx-aps2.eml100syd.ctr.sophos.com,delta-xdelivery
192.175.3.28,dx-aps2.eml100syd.ctr.sophos.com,delta-xdelivery
192.175.3.29,dx-aps2.eml100syd.ctr.sophos.com,delta-xdelivery
192.175.3.30,dx-aps2.eml100syd.ctr.sophos.com,delta-xdelivery
192.175.3.31,dx-aps2.eml100syd.ctr.sophos.com,delta-xdelivery
192.175.3.32,spare-aps2.eml100syd.ctr.sophos.com,spare
192.175.3.33,spare-aps2.eml100syd.ctr.sophos.com,spare
192.175.3.34,spare-aps2.eml100syd.ctr.sophos.com,spare
192.175.3.35,spare-aps2.eml100syd.ctr.sophos.com,spare
192.175.3.36,spare-aps2.eml100syd.ctr.sophos.com,spare
192.175.3.37,spare-aps2.eml100syd.ctr.sophos.com,spare
192.175.3.38,spare-aps2.eml100syd.ctr.sophos.com,spare
192.175.3.39,spare-aps2.eml100syd.ctr.sophos.com,spare
192.175.3.40,spare-aps2.eml100syd.ctr.sophos.com,spare
192.175.3.41,spare-aps2.eml100syd.ctr.sophos.com,spare
192.175.3.42,spare-aps2.eml100syd.ctr.sophos.com,spare
192.175.3.43,spare-aps2.eml100syd.ctr.sophos.com,spare
192.175.3.44,spare-aps2.eml100syd.ctr.sophos.com,spare
192.175.3.45,spare-aps2.eml100syd.ctr.sophos.com,spare
192.175.3.46,spare-aps2.eml100syd.ctr.sophos.com,spare
192.175.3.47,spare-aps2.eml100syd.ctr.sophos.com,spare
192.175.3.48,spare-aps2.eml100syd.ctr.sophos.com,spare
192.175.3.49,spare-aps2.eml100syd.ctr.sophos.com,spare
192.175.3.50,spare-aps2.eml100syd.ctr.sophos.com,spare
192.175.3.51,spare-aps2.eml100syd.ctr.sophos.com,spare
192.175.3.52,spare-aps2.eml100syd.ctr.sophos.com,spare
192.175.3.53,spare-aps2.eml100syd.ctr.sophos.com,spare
192.175.3.54,spare-aps2.eml100syd.ctr.sophos.com,spare
192.175.3.55,spare-aps2.eml100syd.ctr.sophos.com,spare
192.175.3.56,spare-aps2.eml100syd.ctr.sophos.com,spare
192.175.3.57,spare-aps2.eml100syd.ctr.sophos.com,spare
192.175.3.58,spare-aps2.eml100syd.ctr.sophos.com,spare
192.175.3.59,spare-aps2.eml100syd.ctr.sophos.com,spare
192.175.3.60,spare-aps2.eml100syd.ctr.sophos.com,spare
192.175.3.61,spare-aps2.eml100syd.ctr.sophos.com,spare
192.175.3.62,spare-aps2.eml100syd.ctr.sophos.com,spare
192.175.3.63,spare-aps2.eml100syd.ctr.sophos.com,spare
192.175.3.64,id-aps2.eml100syd.ctr.sophos.com,internet-delivery
192.175.3.65,id-aps2.eml100syd.ctr.sophos.com,internet-delivery
192.175.3.66,id-aps2.eml100syd.ctr.sophos.com,internet-delivery
192.175.3.67,id-aps2.eml100syd.ctr.sophos.com,internet-delivery
192.175.3.68,id-aps2.eml100syd.ctr.sophos.com,internet-delivery
192.175.3.69,id-aps2.eml100syd.ctr.sophos.com,internet-delivery
192.175.3.70,id-aps2.eml100syd.ctr.sophos.com,internet-delivery
192.175.3.71,id-aps2.eml100syd.ctr.sophos.com,internet-delivery
192.175.3.72,id-aps2.eml100syd.ctr.sophos.com,internet-delivery
192.175.3.73,id-aps2.eml100syd.ctr.sophos.com,internet-delivery
192.175.3.74,id-aps2.eml100syd.ctr.sophos.com,internet-delivery
192.175.3.75,id-aps2.eml100syd.ctr.sophos.com,internet-delivery
192.175.3.76,id-aps2.eml100syd.ctr.sophos.com,internet-delivery
192.175.3.77,id-aps2.eml100syd.ctr.sophos.com,internet-delivery
192.175.3.78,id-aps2.eml100syd.ctr.sophos.com,internet-delivery
192.175.3.79,id-aps2.eml100syd.ctr.sophos.com,internet-delivery
192.175.3.80,id-aps2.eml100syd.ctr.sophos.com,internet-delivery
192.175.3.81,id-aps2.eml100syd.ctr.sophos.com,internet-delivery
192.175.3.82,id-aps2.eml100syd.ctr.sophos.com,internet-delivery
192.175.3.83,id-aps2.eml100syd.ctr.sophos.com,internet-delivery
192.175.3.84,id-aps2.eml100syd.ctr.sophos.com,internet-delivery
192.175.3.85,id-aps2.eml100syd.ctr.sophos.com,internet-delivery
192.175.3.86,id-aps2.eml100syd.ctr.sophos.com,internet-delivery
192.175.3.87,id-aps2.eml100syd.ctr.sophos.com,internet-delivery
192.175.3.88,id-aps2.eml100syd.ctr.sophos.com,internet-delivery
192.175.3.89,id-aps2.eml100syd.ctr.sophos.com,internet-delivery
192.175.3.90,id-aps2.eml100syd.ctr.sophos.com,internet-delivery
192.175.3.91,id-aps2.eml100syd.ctr.sophos.com,internet-delivery
192.175.3.92,id-aps2.eml100syd.ctr.sophos.com,internet-delivery
192.175.3.93,id-aps2.eml100syd.ctr.sophos.com,internet-delivery
192.175.3.94,id-aps2.eml100syd.ctr.sophos.com,internet-delivery
192.175.3.95,id-aps2.eml100syd.ctr.sophos.com,internet-delivery
192.175.3.96,id-aps2.eml100syd.ctr.sophos.com,internet-delivery
192.175.3.97,id-aps2.eml100syd.ctr.sophos.com,internet-delivery
192.175.3.98,id-aps2.eml100syd.ctr.sophos.com,internet-delivery
192.175.3.99,id-aps2.eml100syd.ctr.sophos.com,internet-delivery
192.175.3.100,id-aps2.eml100syd.ctr.sophos.com,internet-delivery
192.175.3.101,id-aps2.eml100syd.ctr.sophos.com,internet-delivery
192.175.3.102,id-aps2.eml100syd.ctr.sophos.com,internet-delivery
192.175.3.103,id-aps2.eml100syd.ctr.sophos.com,internet-delivery
192.175.3.104,id-aps2.eml100syd.ctr.sophos.com,internet-delivery
192.175.3.105,id-aps2.eml100syd.ctr.sophos.com,internet-delivery
192.175.3.106,id-aps2.eml100syd.ctr.sophos.com,internet-delivery
192.175.3.107,id-aps2.eml100syd.ctr.sophos.com,internet-delivery
192.175.3.108,id-aps2.eml100syd.ctr.sophos.com,internet-delivery
192.175.3.109,id-aps2.eml100syd.ctr.sophos.com,internet-delivery
192.175.3.110,id-aps2.eml100syd.ctr.sophos.com,internet-delivery
192.175.3.111,id-aps2.eml100syd.ctr.sophos.com,internet-delivery
192.175.3.112,ix-aps2.eml100syd.ctr.sophos.com,internet-xdelivery
192.175.3.113,ix-aps2.eml100syd.ctr.sophos.com,internet-xdelivery
192.175.3.114,ix-aps2.eml100syd.ctr.sophos.com,internet-xdelivery
192.175.3.115,ix-aps2.eml100syd.ctr.sophos.com,internet-xdelivery
192.175.3.116,ix-aps2.eml100syd.ctr.sophos.com,internet-xdelivery
192.175.3.117,ix-aps2.eml100syd.ctr.sophos.com,internet-xdelivery
192.175.3.118,ix-aps2.eml100syd.ctr.sophos.com,internet-xdelivery
192.175.3.119,ix-aps2.eml100syd.ctr.sophos.com,internet-xdelivery
192.175.3.120,ix-aps2.eml100syd.ctr.sophos.com,internet-xdelivery
192.175.3.121,ix-aps2.eml100syd.ctr.sophos.com,internet-xdelivery
192.175.3.122,ix-aps2.eml100syd.ctr.sophos.com,internet-xdelivery
192.175.3.123,ix-aps2.eml100syd.ctr.sophos.com,internet-xdelivery
192.175.3.124,ix-aps2.eml100syd.ctr.sophos.com,internet-xdelivery
192.175.3.125,ix-aps2.eml100syd.ctr.sophos.com,internet-xdelivery
192.175.3.126,ix-aps2.eml100syd.ctr.sophos.com,internet-xdelivery
192.175.3.127,ix-aps2.eml100syd.ctr.sophos.com,internet-xdelivery
192.175.3.128,cd-aps2.eml100syd.ctr.sophos.com,customer-delivery
192.175.3.129,cd-aps2.eml100syd.ctr.sophos.com,customer-delivery
192.175.3.130,cd-aps2.eml100syd.ctr.sophos.com,customer-delivery
192.175.3.131,cd-aps2.eml100syd.ctr.sophos.com,customer-delivery
192.175.3.132,cd-aps2.eml100syd.ctr.sophos.com,customer-delivery
192.175.3.133,cd-aps2.eml100syd.ctr.sophos.com,customer-delivery
192.175.3.134,cd-aps2.eml100syd.ctr.sophos.com,customer-delivery
192.175.3.135,cd-aps2.eml100syd.ctr.sophos.com,customer-delivery
192.175.3.136,cd-aps2.eml100syd.ctr.sophos.com,customer-delivery
192.175.3.137,cd-aps2.eml100syd.ctr.sophos.com,customer-delivery
192.175.3.138,cd-aps2.eml100syd.ctr.sophos.com,customer-delivery
192.175.3.139,cd-aps2.eml100syd.ctr.sophos.com,customer-delivery
192.175.3.140,cd-aps2.eml100syd.ctr.sophos.com,customer-delivery
192.175.3.141,cd-aps2.eml100syd.ctr.sophos.com,customer-delivery
192.175.3.142,cd-aps2.eml100syd.ctr.sophos.com,customer-delivery
192.175.3.143,cd-aps2.eml100syd.ctr.sophos.com,customer-delivery
192.175.3.144,cd-aps2.eml100syd.ctr.sophos.com,customer-delivery
192.175.3.145,cd-aps2.eml100syd.ctr.sophos.com,customer-delivery
192.175.3.146,cd-aps2.eml100syd.ctr.sophos.com,customer-delivery
192.175.3.147,cd-aps2.eml100syd.ctr.sophos.com,customer-delivery
192.175.3.148,cd-aps2.eml100syd.ctr.sophos.com,customer-delivery
192.175.3.149,cd-aps2.eml100syd.ctr.sophos.com,customer-delivery
192.175.3.150,cd-aps2.eml100syd.ctr.sophos.com,customer-delivery
192.175.3.151,cd-aps2.eml100syd.ctr.sophos.com,customer-delivery
192.175.3.152,cd-aps2.eml100syd.ctr.sophos.com,customer-delivery
192.175.3.153,cd-aps2.eml100syd.ctr.sophos.com,customer-delivery
192.175.3.154,cd-aps2.eml100syd.ctr.sophos.com,customer-delivery
192.175.3.155,cd-aps2.eml100syd.ctr.sophos.com,customer-delivery
192.175.3.156,cd-aps2.eml100syd.ctr.sophos.com,customer-delivery
192.175.3.157,cd-aps2.eml100syd.ctr.sophos.com,customer-delivery
192.175.3.158,cd-aps2.eml100syd.ctr.sophos.com,customer-delivery
192.175.3.159,cd-aps2.eml100syd.ctr.sophos.com,customer-delivery
192.175.3.160,cd-aps2.eml100syd.ctr.sophos.com,customer-delivery
192.175.3.161,cd-aps2.eml100syd.ctr.sophos.com,customer-delivery
192.175.3.162,cd-aps2.eml100syd.ctr.sophos.com,customer-delivery
192.175.3.163,cd-aps2.eml100syd.ctr.sophos.com,customer-delivery
192.175.3.164,cd-aps2.eml100syd.ctr.sophos.com,customer-delivery
192.175.3.165,cd-aps2.eml100syd.ctr.sophos.com,customer-delivery
192.175.3.166,cd-aps2.eml100syd.ctr.sophos.com,customer-delivery
192.175.3.167,cd-aps2.eml100syd.ctr.sophos.com,customer-delivery
192.175.3.168,cd-aps2.eml100syd.ctr.sophos.com,customer-delivery
192.175.3.169,cd-aps2.eml100syd.ctr.sophos.com,customer-delivery
192.175.3.170,cd-aps2.eml100syd.ctr.sophos.com,customer-delivery
192.175.3.171,cd-aps2.eml100syd.ctr.sophos.com,customer-delivery
192.175.3.172,cd-aps2.eml100syd.ctr.sophos.com,customer-delivery
192.175.3.173,cd-aps2.eml100syd.ctr.sophos.com,customer-delivery
192.175.3.174,cd-aps2.eml100syd.ctr.sophos.com,customer-delivery
192.175.3.175,cd-aps2.eml100syd.ctr.sophos.com,customer-delivery
192.175.3.176,cx-aps2.eml100syd.ctr.sophos.com,customer-xdelivery
192.175.3.177,cx-aps2.eml100syd.ctr.sophos.com,customer-xdelivery
192.175.3.178,cx-aps2.eml100syd.ctr.sophos.com,customer-xdelivery
192.175.3.179,cx-aps2.eml100syd.ctr.sophos.com,customer-xdelivery
192.175.3.180,cx-aps2.eml100syd.ctr.sophos.com,customer-xdelivery
192.175.3.181,cx-aps2.eml100syd.ctr.sophos.com,customer-xdelivery
192.175.3.182,cx-aps2.eml100syd.ctr.sophos.com,customer-xdelivery
192.175.3.183,cx-aps2.eml100syd.ctr.sophos.com,customer-xdelivery
192.175.3.184,cx-aps2.eml100syd.ctr.sophos.com,customer-xdelivery
192.175.3.185,cx-aps2.eml100syd.ctr.sophos.com,customer-xdelivery
192.175.3.186,cx-aps2.eml100syd.ctr.sophos.com,customer-xdelivery
192.175.3.187,cx-aps2.eml100syd.ctr.sophos.com,customer-xdelivery
192.175.3.188,cx-aps2.eml100syd.ctr.sophos.com,customer-xdelivery
192.175.3.189,cx-aps2.eml100syd.ctr.sophos.com,customer-xdelivery
192.175.3.190,cx-aps2.eml100syd.ctr.sophos.com,customer-xdelivery
192.175.3.191,cx-aps2.eml100syd.ctr.sophos.com,customer-xdelivery
192.175.3.192,mfid-aps2.eml100syd.ctr.sophos.com,mf-inbound-delivery
192.175.3.193,mfid-aps2.eml100syd.ctr.sophos.com,mf-inbound-delivery
192.175.3.194,mfid-aps2.eml100syd.ctr.sophos.com,mf-inbound-delivery
192.175.3.195,mfid-aps2.eml100syd.ctr.sophos.com,mf-inbound-delivery
192.175.3.196,mfid-aps2.eml100syd.ctr.sophos.com,mf-inbound-delivery
192.175.3.197,mfid-aps2.eml100syd.ctr.sophos.com,mf-inbound-delivery
192.175.3.198,mfid-aps2.eml100syd.ctr.sophos.com,mf-inbound-delivery
192.175.3.199,mfid-aps2.eml100syd.ctr.sophos.com,mf-inbound-delivery
192.175.3.200,mfid-aps2.eml100syd.ctr.sophos.com,mf-inbound-delivery
192.175.3.201,mfid-aps2.eml100syd.ctr.sophos.com,mf-inbound-delivery
192.175.3.202,mfid-aps2.eml100syd.ctr.sophos.com,mf-inbound-delivery
192.175.3.203,mfid-aps2.eml100syd.ctr.sophos.com,mf-inbound-delivery
192.175.3.204,mfid-aps2.eml100syd.ctr.sophos.com,mf-inbound-delivery
192.175.3.205,mfid-aps2.eml100syd.ctr.sophos.com,mf-inbound-delivery
192.175.3.206,mfid-aps2.eml100syd.ctr.sophos.com,mf-inbound-delivery
192.175.3.207,mfid-aps2.eml100syd.ctr.sophos.com,mf-inbound-delivery
192.175.3.208,mfid-aps2.eml100syd.ctr.sophos.com,mf-inbound-delivery
192.175.3.209,mfid-aps2.eml100syd.ctr.sophos.com,mf-inbound-delivery
192.175.3.210,mfid-aps2.eml100syd.ctr.sophos.com,mf-inbound-delivery
192.175.3.211,mfid-aps2.eml100syd.ctr.sophos.com,mf-inbound-delivery
192.175.3.212,mfid-aps2.eml100syd.ctr.sophos.com,mf-inbound-delivery
192.175.3.213,mfid-aps2.eml100syd.ctr.sophos.com,mf-inbound-delivery
192.175.3.214,mfid-aps2.eml100syd.ctr.sophos.com,mf-inbound-delivery
192.175.3.215,mfid-aps2.eml100syd.ctr.sophos.com,mf-inbound-delivery
192.175.3.216,mfix-aps2.eml100syd.ctr.sophos.com,mf-inbound-xdelivery
192.175.3.217,mfix-aps2.eml100syd.ctr.sophos.com,mf-inbound-xdelivery
192.175.3.218,mfix-aps2.eml100syd.ctr.sophos.com,mf-inbound-xdelivery
192.175.3.219,mfix-aps2.eml100syd.ctr.sophos.com,mf-inbound-xdelivery
192.175.3.220,mfix-aps2.eml100syd.ctr.sophos.com,mf-inbound-xdelivery
192.175.3.221,mfix-aps2.eml100syd.ctr.sophos.com,mf-inbound-xdelivery
192.175.3.222,mfix-aps2.eml100syd.ctr.sophos.com,mf-inbound-xdelivery
192.175.3.223,mfix-aps2.eml100syd.ctr.sophos.com,mf-inbound-xdelivery
192.175.3.224,mfod-aps2.eml100syd.ctr.sophos.com,mf-outbound-delivery
192.175.3.225,mfod-aps2.eml100syd.ctr.sophos.com,mf-outbound-delivery
192.175.3.226,mfod-aps2.eml100syd.ctr.sophos.com,mf-outbound-delivery
192.175.3.227,mfod-aps2.eml100syd.ctr.sophos.com,mf-outbound-delivery
192.175.3.228,mfod-aps2.eml100syd.ctr.sophos.com,mf-outbound-delivery
192.175.3.229,mfod-aps2.eml100syd.ctr.sophos.com,mf-outbound-delivery
192.175.3.230,mfod-aps2.eml100syd.ctr.sophos.com,mf-outbound-delivery
192.175.3.231,mfod-aps2.eml100syd.ctr.sophos.com,mf-outbound-delivery
192.175.3.232,mfod-aps2.eml100syd.ctr.sophos.com,mf-outbound-delivery
192.175.3.233,mfod-aps2.eml100syd.ctr.sophos.com,mf-outbound-delivery
192.175.3.234,mfod-aps2.eml100syd.ctr.sophos.com,mf-outbound-delivery
192.175.3.235,mfod-aps2.eml100syd.ctr.sophos.com,mf-outbound-delivery
192.175.3.236,mfod-aps2.eml100syd.ctr.sophos.com,mf-outbound-delivery
192.175.3.237,mfod-aps2.eml100syd.ctr.sophos.com,mf-outbound-delivery
192.175.3.238,mfod-aps2.eml100syd.ctr.sophos.com,mf-outbound-delivery
192.175.3.239,mfod-aps2.eml100syd.ctr.sophos.com,mf-outbound-delivery
192.175.3.240,mfod-aps2.eml100syd.ctr.sophos.com,mf-outbound-delivery
192.175.3.241,mfod-aps2.eml100syd.ctr.sophos.com,mf-outbound-delivery
192.175.3.242,mfod-aps2.eml100syd.ctr.sophos.com,mf-outbound-delivery
192.175.3.243,mfod-aps2.eml100syd.ctr.sophos.com,mf-outbound-delivery
192.175.3.244,mfod-aps2.eml100syd.ctr.sophos.com,mf-outbound-delivery
192.175.3.245,mfod-aps2.eml100syd.ctr.sophos.com,mf-outbound-delivery
192.175.3.246,mfod-aps2.eml100syd.ctr.sophos.com,mf-outbound-delivery
192.175.3.247,mfod-aps2.eml100syd.ctr.sophos.com,mf-outbound-delivery
192.175.3.248,mfox-aps2.eml100syd.ctr.sophos.com,mf-outbound-xdelivery
192.175.3.249,mfox-aps2.eml100syd.ctr.sophos.com,mf-outbound-xdelivery
192.175.3.250,mfox-aps2.eml100syd.ctr.sophos.com,mf-outbound-xdelivery
192.175.3.251,mfox-aps2.eml100syd.ctr.sophos.com,mf-outbound-xdelivery
192.175.3.252,mfox-aps2.eml100syd.ctr.sophos.com,mf-outbound-xdelivery
192.175.3.253,mfox-aps2.eml100syd.ctr.sophos.com,mf-outbound-xdelivery
192.175.3.254,mfox-aps2.eml100syd.ctr.sophos.com,mf-outbound-xdelivery
192.175.3.255,mfox-aps2.eml100syd.ctr.sophos.com,mf-outbound-xdelivery