64.69.223.0,dd-sae1.eml100gru.ctr.sophos.com,delta-delivery
64.69.223.1,dd-sae1.eml100gru.ctr.sophos.com,delta-delivery
64.69.223.2,dd-sae1.eml100gru.ctr.sophos.com,delta-delivery
64.69.223.3,dd-sae1.eml100gru.ctr.sophos.com,delta-delivery
64.69.223.4,dd-sae1.eml100gru.ctr.sophos.com,delta-delivery
64.69.223.5,dd-sae1.eml100gru.ctr.sophos.com,delta-delivery
64.69.223.6,dd-sae1.eml100gru.ctr.sophos.com,delta-delivery
64.69.223.7,dd-sae1.eml100gru.ctr.sophos.com,delta-delivery
64.69.223.8,dd-sae1.eml100gru.ctr.sophos.com,delta-delivery
64.69.223.9,dd-sae1.eml100gru.ctr.sophos.com,delta-delivery
64.69.223.10,dd-sae1.eml100gru.ctr.sophos.com,delta-delivery
64.69.223.11,dd-sae1.eml100gru.ctr.sophos.com,delta-delivery
64.69.223.12,dd-sae1.eml100gru.ctr.sophos.com,delta-delivery
64.69.223.13,dd-sae1.eml100gru.ctr.sophos.com,delta-delivery
64.69.223.14,dd-sae1.eml100gru.ctr.sophos.com,delta-delivery
64.69.223.15,dd-sae1.eml100gru.ctr.sophos.com,delta-delivery
64.69.223.16,dd-sae1.eml100gru.ctr.sophos.com,delta-delivery
64.69.223.17,dd-sae1.eml100gru.ctr.sophos.com,delta-delivery
64.69.223.18,dd-sae1.eml100gru.ctr.sophos.com,delta-delivery
64.69.223.19,dd-sae1.eml100gru.ctr.sophos.com,delta-delivery
64.69.223.20,dd-sae1.eml100gru.ctr.sophos.com,delta-delivery
64.69.223.21,dd-sae1.eml100gru.ctr.sophos.com,delta-delivery
64.69.223.22,dd-sae1.eml100gru.ctr.sophos.com,delta-delivery
64.69.223.23,dd-sae1.eml100gru.ctr.sophos.com,delta-delivery
64.69.223.24,dd-sae1.eml100gru.ctr.sophos.com,delta-delivery
64.69.223.25,dd-sae1.eml100gru.ctr.sophos.com,delta-delivery
64.69.223.26,dx-sae1.eml100gru.ctr.sophos.com,delta-xdelivery
64.69.223.27,dx-sae1.eml100gru.ctr.sophos.com,delta-xdelivery
64.69.223.28,dx-sae1.eml100gru.ctr.sophos.com,delta-xdelivery
64.69.223.29,dx-sae1.eml100gru.ctr.sophos.com,delta-xdelivery
64.69.223.30,dx-sae1.eml100gru.ctr.sophos.com,delta-xdelivery
64.69.223.31,dx-sae1.eml100gru.ctr.sophos.com,delta-xdelivery
64.69.223.32,spare-sae1.eml100gru.ctr.sophos.com,spare
64.69.223.33,spare-sae1.eml100gru.ctr.sophos.com,spare
64.69.223.34,spare-sae1.eml100gru.ctr.sophos.com,spare
64.69.223.35,spare-sae1.eml100gru.ctr.sophos.com,spare
64.69.223.36,spare-sae1.eml100gru.ctr.sophos.com,spare
64.69.223.37,spare-sae1.eml100gru.ctr.sophos.com,spare
64.69.223.38,spare-sae1.eml100gru.ctr.sophos.com,spare
64.69.223.39,spare-sae1.eml100gru.ctr.sophos.com,spare
64.69.223.40,spare-sae1.eml100gru.ctr.sophos.com,spare
64.69.223.41,spare-sae1.eml100gru.ctr.sophos.com,spare
64.69.223.42,spare-sae1.eml100gru.ctr.sophos.com,spare
64.69.223.43,spare-sae1.eml100gru.ctr.sophos.com,spare
64.69.223.44,spare-sae1.eml100gru.ctr.sophos.com,spare
64.69.223.45,spare-sae1.eml100gru.ctr.sophos.com,spare
64.69.223.46,spare-sae1.eml100gru.ctr.sophos.com,spare
64.69.223.47,spare-sae1.eml100gru.ctr.sophos.com,spare
64.69.223.48,spare-sae1.eml100gru.ctr.sophos.com,spare
64.69.223.49,spare-sae1.eml100gru.ctr.sophos.com,spare
64.69.223.50,spare-sae1.eml100gru.ctr.sophos.com,spare
64.69.223.51,spare-sae1.eml100gru.ctr.sophos.com,spare
64.69.223.52,spare-sae1.eml100gru.ctr.sophos.com,spare
64.69.223.53,spare-sae1.eml100gru.ctr.sophos.com,spare
64.69.223.54,spare-sae1.eml100gru.ctr.sophos.com,spare
64.69.223.55,spare-sae1.eml100gru.ctr.sophos.com,spare
64.69.223.56,spare-sae1.eml100gru.ctr.sophos.com,spare
64.69.223.57,spare-sae1.eml100gru.ctr.sophos.com,spare
64.69.223.58,spare-sae1.eml100gru.ctr.sophos.com,spare
64.69.223.59,spare-sae1.eml100gru.ctr.sophos.com,spare
64.69.223.60,spare-sae1.eml100gru.ctr.sophos.com,spare
64.69.223.61,spare-sae1.eml100gru.ctr.sophos.com,spare
64.69.223.62,spare-sae1.eml100gru.ctr.sophos.com,spare
64.69.223.63,spare-sae1.eml100gru.ctr.sophos.com,spare
64.69.223.64,id-sae1.eml100gru.ctr.sophos.com,internet-delivery
64.69.223.65,id-sae1.eml100gru.ctr.sophos.com,internet-delivery
64.69.223.66,id-sae1.eml100gru.ctr.sophos.com,internet-delivery
64.69.223.67,id-sae1.eml100gru.ctr.sophos.com,internet-delivery
64.69.223.68,id-sae1.eml100gru.ctr.sophos.com,internet-delivery
64.69.223.69,id-sae1.eml100gru.ctr.sophos.com,internet-delivery
64.69.223.70,id-sae1.eml100gru.ctr.sophos.com,internet-delivery
64.69.223.71,id-sae1.eml100gru.ctr.sophos.com,internet-delivery
64.69.223.72,id-sae1.eml100gru.ctr.sophos.com,internet-delivery
64.69.223.73,id-sae1.eml100gru.ctr.sophos.com,internet-delivery
64.69.223.74,id-sae1.eml100gru.ctr.sophos.com,internet-delivery
64.69.223.75,id-sae1.eml100gru.ctr.sophos.com,internet-delivery
64.69.223.76,id-sae1.eml100gru.ctr.sophos.com,internet-delivery
64.69.223.77,id-sae1.eml100gru.ctr.sophos.com,internet-delivery
64.69.223.78,id-sae1.eml100gru.ctr.sophos.com,internet-delivery
64.69.223.79,id-sae1.eml100gru.ctr.sophos.com,internet-delivery
64.69.223.80,id-sae1.eml100gru.ctr.sophos.com,internet-delivery
64.69.223.81,id-sae1.eml100gru.ctr.sophos.com,internet-delivery
64.69.223.82,id-sae1.eml100gru.ctr.sophos.com,internet-delivery
64.69.223.83,id-sae1.eml100gru.ctr.sophos.com,internet-delivery
64.69.223.84,id-sae1.eml100gru.ctr.sophos.com,internet-delivery
64.69.223.85,id-sae1.eml100gru.ctr.sophos.com,internet-delivery
64.69.223.86,id-sae1.eml100gru.ctr.sophos.com,internet-delivery
64.69.223.87,id-sae1.eml100gru.ctr.sophos.com,internet-delivery
64.69.223.88,id-sae1.eml100gru.ctr.sophos.com,internet-delivery
64.69.223.89,id-sae1.eml100gru.ctr.sophos.com,internet-delivery
64.69.223.90,id-sae1.eml100gru.ctr.sophos.com,internet-delivery
64.69.223.91,id-sae1.eml100gru.ctr.sophos.com,internet-delivery
64.69.223.92,id-sae1.eml100gru.ctr.sophos.com,internet-delivery
64.69.223.93,id-sae1.eml100gru.ctr.sophos.com,internet-delivery
64.69.223.94,id-sae1.eml100gru.ctr.sophos.com,internet-delivery
64.69.223.95,id-sae1.eml100gru.ctr.sophos.com,internet-delivery
64.69.223.96,id-sae1.eml100gru.ctr.sophos.com,internet-delivery
64.69.223.97,id-sae1.eml100gru.ctr.sophos.com,internet-delivery
64.69.223.98,id-sae1.eml100gru.ctr.sophos.com,internet-delivery
64.69.223.99,id-sae1.eml100gru.ctr.sophos.com,internet-delivery
64.69.223.100,id-sae1.eml100gru.ctr.sophos.com,internet-delivery
64.69.223.101,id-sae1.eml100gru.ctr.sophos.com,internet-delivery
64.69.223.102,id-sae1.eml100gru.ctr.sophos.com,internet-delivery
64.69.223.103,id-sae1.eml100gru.ctr.sophos.com,internet-delivery
64.69.223.104,id-sae1.eml100gru.ctr.sophos.com,internet-delivery
64.69.223.105,id-sae1.eml100gru.ctr.sophos.com,internet-delivery
64.69.223.106,id-sae1.eml100gru.ctr.sophos.com,internet-delivery
64.69.223.107,id-sae1.eml100gru.ctr.sophos.com,internet-delivery
64.69.223.108,id-sae1.eml100gru.ctr.sophos.com,internet-delivery
64.69.223.109,id-sae1.eml100gru.ctr.sophos.com,internet-delivery
64.69.223.110,id-sae1.eml100gru.ctr.sophos.com,internet-delivery
64.69.223.111,id-sae1.eml100gru.ctr.sophos.com,internet-delivery
64.69.223.112,ix-sae1.eml100gru.ctr.sophos.com,internet-xdelivery
64.69.223.113,ix-sae1.eml100gru.ctr.sophos.com,internet-xdelivery
64.69.223.114,ix-sae1.eml100gru.ctr.sophos.com,internet-xdelivery
64.69.223.115,ix-sae1.eml100gru.ctr.sophos.com,internet-xdelivery
64.69.223.116,ix-sae1.eml100gru.ctr.sophos.com,internet-xdelivery
64.69.223.117,ix-sae1.eml100gru.ctr.sophos.com,internet-xdelivery
64.69.223.118,ix-sae1.eml100gru.ctr.sophos.com,internet-xdelivery
64.69.223.119,ix-sae1.eml100gru.ctr.sophos.com,internet-xdelivery
64.69.223.120,ix-sae1.eml100gru.ctr.sophos.com,internet-xdelivery
64.69.223.121,ix-sae1.eml100gru.ctr.sophos.com,internet-xdelivery
64.69.223.122,ix-sae1.eml100gru.ctr.sophos.com,internet-xdelivery
64.69.223.123,ix-sae1.eml100gru.ctr.sophos.com,internet-xdelivery
64.69.223.124,ix-sae1.eml100gru.ctr.sophos.com,internet-xdelivery
64.69.223.125,ix-sae1.eml100gru.ctr.sophos.com,internet-xdelivery
64.69.223.126,ix-sae1.eml100gru.ctr.sophos.com,internet-xdelivery
64.69.223.127,ix-sae1.eml100gru.ctr.sophos.com,internet-xdelivery
64.69.223.128,cd-sae1.eml100gru.ctr.sophos.com,customer-delivery
64.69.223.129,cd-sae1.eml100gru.ctr.sophos.com,customer-delivery
64.69.223.130,cd-sae1.eml100gru.ctr.sophos.com,customer-delivery
64.69.223.131,cd-sae1.eml100gru.ctr.sophos.com,customer-delivery
64.69.223.132,cd-sae1.eml100gru.ctr.sophos.com,customer-delivery
64.69.223.133,cd-sae1.eml100gru.ctr.sophos.com,customer-delivery
64.69.223.134,cd-sae1.eml100gru.ctr.sophos.com,customer-delivery
64.69.223.135,cd-sae1.eml100gru.ctr.sophos.com,customer-delivery
64.69.223.136,cd-sae1.eml100gru.ctr.sophos.com,customer-delivery
64.69.223.137,cd-sae1.eml100gru.ctr.sophos.com,customer-delivery
64.69.223.138,cd-sae1.eml100gru.ctr.sophos.com,customer-delivery
64.69.223.139,cd-sae1.eml100gru.ctr.sophos.com,customer-delivery
64.69.223.140,cd-sae1.eml100gru.ctr.sophos.com,customer-delivery
64.69.223.141,cd-sae1.eml100gru.ctr.sophos.com,customer-delivery
64.69.223.142,cd-sae1.eml100gru.ctr.sophos.com,customer-delivery
64.69.223.143,cd-sae1.eml100gru.ctr.sophos.com,customer-delivery
64.69.223.144,cd-sae1.eml100gru.ctr.sophos.com,customer-delivery
64.69.223.145,cd-sae1.eml100gru.ctr.sophos.com,customer-delivery
64.69.223.146,cd-sae1.eml100gru.ctr.sophos.com,customer-delivery
64.69.223.147,cd-sae1.eml100gru.ctr.sophos.com,customer-delivery
64.69.223.148,cd-sae1.eml100gru.ctr.sophos.com,customer-delivery
64.69.223.149,cd-sae1.eml100gru.ctr.sophos.com,customer-delivery
64.69.223.150,cd-sae1.eml100gru.ctr.sophos.com,customer-delivery
64.69.223.151,cd-sae1.eml100gru.ctr.sophos.com,customer-delivery
64.69.223.152,cd-sae1.eml100gru.ctr.sophos.com,customer-delivery
64.69.223.153,cd-sae1.eml100gru.ctr.sophos.com,customer-delivery
64.69.223.154,cd-sae1.eml100gru.ctr.sophos.com,customer-delivery
64.69.223.155,cd-sae1.eml100gru.ctr.sophos.com,customer-delivery
64.69.223.156,cd-sae1.eml100gru.ctr.sophos.com,customer-delivery
64.69.223.157,cd-sae1.eml100gru.ctr.sophos.com,customer-delivery
64.69.223.158,cd-sae1.eml100gru.ctr.sophos.com,customer-delivery
64.69.223.159,cd-sae1.eml100gru.ctr.sophos.com,customer-delivery
64.69.223.160,cd-sae1.eml100gru.ctr.sophos.com,customer-delivery
64.69.223.161,cd-sae1.eml100gru.ctr.sophos.com,customer-delivery
64.69.223.162,cd-sae1.eml100gru.ctr.sophos.com,customer-delivery
64.69.223.163,cd-sae1.eml100gru.ctr.sophos.com,customer-delivery
64.69.223.164,cd-sae1.eml100gru.ctr.sophos.com,customer-delivery
64.69.223.165,cd-sae1.eml100gru.ctr.sophos.com,customer-delivery
64.69.223.166,cd-sae1.eml100gru.ctr.sophos.com,customer-delivery
64.69.223.167,cd-sae1.eml100gru.ctr.sophos.com,customer-delivery
64.69.223.168,cd-sae1.eml100gru.ctr.sophos.com,customer-delivery
64.69.223.169,cd-sae1.eml100gru.ctr.sophos.com,customer-delivery
64.69.223.170,cd-sae1.eml100gru.ctr.sophos.com,customer-delivery
64.69.223.171,cd-sae1.eml100gru.ctr.sophos.com,customer-delivery
64.69.223.172,cd-sae1.eml100gru.ctr.sophos.com,customer-delivery
64.69.223.173,cd-sae1.eml100gru.ctr.sophos.com,customer-delivery
64.69.223.174,cd-sae1.eml100gru.ctr.sophos.com,customer-delivery
64.69.223.175,cd-sae1.eml100gru.ctr.sophos.com,customer-delivery
64.69.223.176,cx-sae1.eml100gru.ctr.sophos.com,customer-xdelivery
64.69.223.177,cx-sae1.eml100gru.ctr.sophos.com,customer-xdelivery
64.69.223.178,cx-sae1.eml100gru.ctr.sophos.com,customer-xdelivery
64.69.223.179,cx-sae1.eml100gru.ctr.sophos.com,customer-xdelivery
64.69.223.180,cx-sae1.eml100gru.ctr.sophos.com,customer-xdelivery
64.69.223.181,cx-sae1.eml100gru.ctr.sophos.com,customer-xdelivery
64.69.223.182,cx-sae1.eml100gru.ctr.sophos.com,customer-xdelivery
64.69.223.183,cx-sae1.eml100gru.ctr.sophos.com,customer-xdelivery
64.69.223.184,cx-sae1.eml100gru.ctr.sophos.com,customer-xdelivery
64.69.223.185,cx-sae1.eml100gru.ctr.sophos.com,customer-xdelivery
64.69.223.186,cx-sae1.eml100gru.ctr.sophos.com,customer-xdelivery
64.69.223.187,cx-sae1.eml100gru.ctr.sophos.com,customer-xdelivery
64.69.223.188,cx-sae1.eml100gru.ctr.sophos.com,customer-xdelivery
64.69.223.189,cx-sae1.eml100gru.ctr.sophos.com,customer-xdelivery
64.69.223.190,cx-sae1.eml100gru.ctr.sophos.com,customer-xdelivery
64.69.223.191,cx-sae1.eml100gru.ctr.sophos.com,customer-xdelivery
64.69.223.192,mfid-sae1.eml100gru.ctr.sophos.com,mf-inbound-delivery
64.69.223.193,mfid-sae1.eml100gru.ctr.sophos.com,mf-inbound-delivery
64.69.223.194,mfid-sae1.eml100gru.ctr.sophos.com,mf-inbound-delivery
64.69.223.195,mfid-sae1.eml100gru.ctr.sophos.com,mf-inbound-delivery
64.69.223.196,mfid-sae1.eml100gru.ctr.sophos.com,mf-inbound-delivery
64.69.223.197,mfid-sae1.eml100gru.ctr.sophos.com,mf-inbound-delivery
64.69.223.198,mfid-sae1.eml100gru.ctr.sophos.com,mf-inbound-delivery
64.69.223.199,mfid-sae1.eml100gru.ctr.sophos.com,mf-inbound-delivery
64.69.223.200,mfid-sae1.eml100gru.ctr.sophos.com,mf-inbound-delivery
64.69.223.201,mfid-sae1.eml100gru.ctr.sophos.com,mf-inbound-delivery
64.69.223.202,mfid-sae1.eml100gru.ctr.sophos.com,mf-inbound-delivery
64.69.223.203,mfid-sae1.eml100gru.ctr.sophos.com,mf-inbound-delivery
64.69.223.204,mfid-sae1.eml100gru.ctr.sophos.com,mf-inbound-delivery
64.69.223.205,mfid-sae1.eml100gru.ctr.sophos.com,mf-inbound-delivery
64.69.223.206,mfid-sae1.eml100gru.ctr.sophos.com,mf-inbound-delivery
64.69.223.207,mfid-sae1.eml100gru.ctr.sophos.com,mf-inbound-delivery
64.69.223.208,mfid-sae1.eml100gru.ctr.sophos.com,mf-inbound-delivery
64.69.223.209,mfid-sae1.eml100gru.ctr.sophos.com,mf-inbound-delivery
64.69.223.210,mfid-sae1.eml100gru.ctr.sophos.com,mf-inbound-delivery
64.69.223.211,mfid-sae1.eml100gru.ctr.sophos.com,mf-inbound-delivery
64.69.223.212,mfid-sae1.eml100gru.ctr.sophos.com,mf-inbound-delivery
64.69.223.213,mfid-sae1.eml100gru.ctr.sophos.com,mf-inbound-delivery
64.69.223.214,mfid-sae1.eml100gru.ctr.sophos.com,mf-inbound-delivery
64.69.223.215,mfid-sae1.eml100gru.ctr.sophos.com,mf-inbound-delivery
64.69.223.216,mfix-sae1.eml100gru.ctr.sophos.com,mf-inbound-xdelivery
64.69.223.217,mfix-sae1.eml100gru.ctr.sophos.com,mf-inbound-xdelivery
64.69.223.218,mfix-sae1.eml100gru.ctr.sophos.com,mf-inbound-xdelivery
64.69.223.219,mfix-sae1.eml100gru.ctr.sophos.com,mf-inbound-xdelivery
64.69.223.220,mfix-sae1.eml100gru.ctr.sophos.com,mf-inbound-xdelivery
64.69.223.221,mfix-sae1.eml100gru.ctr.sophos.com,mf-inbound-xdelivery
64.69.223.222,mfix-sae1.eml100gru.ctr.sophos.com,mf-inbound-xdelivery
64.69.223.223,mfix-sae1.eml100gru.ctr.sophos.com,mf-inbound-xdelivery
64.69.223.224,mfod-sae1.eml100gru.ctr.sophos.com,mf-outbound-delivery
64.69.223.225,mfod-sae1.eml100gru.ctr.sophos.com,mf-outbound-delivery
64.69.223.226,mfod-sae1.eml100gru.ctr.sophos.com,mf-outbound-delivery
64.69.223.227,mfod-sae1.eml100gru.ctr.sophos.com,mf-outbound-delivery
64.69.223.228,mfod-sae1.eml100gru.ctr.sophos.com,mf-outbound-delivery
64.69.223.229,mfod-sae1.eml100gru.ctr.sophos.com,mf-outbound-delivery
64.69.223.230,mfod-sae1.eml100gru.ctr.sophos.com,mf-outbound-delivery
64.69.223.231,mfod-sae1.eml100gru.ctr.sophos.com,mf-outbound-delivery
64.69.223.232,mfod-sae1.eml100gru.ctr.sophos.com,mf-outbound-delivery
64.69.223.233,mfod-sae1.eml100gru.ctr.sophos.com,mf-outbound-delivery
64.69.223.234,mfod-sae1.eml100gru.ctr.sophos.com,mf-outbound-delivery
64.69.223.235,mfod-sae1.eml100gru.ctr.sophos.com,mf-outbound-delivery
64.69.223.236,mfod-sae1.eml100gru.ctr.sophos.com,mf-outbound-delivery
64.69.223.237,mfod-sae1.eml100gru.ctr.sophos.com,mf-outbound-delivery
64.69.223.238,mfod-sae1.eml100gru.ctr.sophos.com,mf-outbound-delivery
64.69.223.239,mfod-sae1.eml100gru.ctr.sophos.com,mf-outbound-delivery
64.69.223.240,mfod-sae1.eml100gru.ctr.sophos.com,mf-outbound-delivery
64.69.223.241,mfod-sae1.eml100gru.ctr.sophos.com,mf-outbound-delivery
64.69.223.242,mfod-sae1.eml100gru.ctr.sophos.com,mf-outbound-delivery
64.69.223.243,mfod-sae1.eml100gru.ctr.sophos.com,mf-outbound-delivery
64.69.223.244,mfod-sae1.eml100gru.ctr.sophos.com,mf-outbound-delivery
64.69.223.245,mfod-sae1.eml100gru.ctr.sophos.com,mf-outbound-delivery
64.69.223.246,mfod-sae1.eml100gru.ctr.sophos.com,mf-outbound-delivery
64.69.223.247,mfod-sae1.eml100gru.ctr.sophos.com,mf-outbound-delivery
64.69.223.248,mfox-sae1.eml100gru.ctr.sophos.com,mf-outbound-xdelivery
64.69.223.249,mfox-sae1.eml100gru.ctr.sophos.com,mf-outbound-xdelivery
64.69.223.250,mfox-sae1.eml100gru.ctr.sophos.com,mf-outbound-xdelivery
64.69.223.251,mfox-sae1.eml100gru.ctr.sophos.com,mf-outbound-xdelivery
64.69.223.252,mfox-sae1.eml100gru.ctr.sophos.com,mf-outbound-xdelivery
64.69.223.253,mfox-sae1.eml100gru.ctr.sophos.com,mf-outbound-xdelivery
64.69.223.254,mfox-sae1.eml100gru.ctr.sophos.com,mf-outbound-xdelivery
64.69.223.255,mfox-sae1.eml100gru.ctr.sophos.com,mf-outbound-xdelivery