198.154.180.0,dd-euw1.prod.hydra.sophos.com,delta-delivery
198.154.180.1,dd-euw1.prod.hydra.sophos.com,delta-delivery
198.154.180.2,dd-euw1.prod.hydra.sophos.com,delta-delivery
198.154.180.3,dd-euw1.prod.hydra.sophos.com,delta-delivery
198.154.180.4,dd-euw1.prod.hydra.sophos.com,delta-delivery
198.154.180.5,dd-euw1.prod.hydra.sophos.com,delta-delivery
198.154.180.6,dd-euw1.prod.hydra.sophos.com,delta-delivery
198.154.180.7,dd-euw1.prod.hydra.sophos.com,delta-delivery
198.154.180.8,dd-euw1.prod.hydra.sophos.com,delta-delivery
198.154.180.9,dd-euw1.prod.hydra.sophos.com,delta-delivery
198.154.180.10,dd-euw1.prod.hydra.sophos.com,delta-delivery
198.154.180.11,dd-euw1.prod.hydra.sophos.com,delta-delivery
198.154.180.12,dd-euw1.prod.hydra.sophos.com,delta-delivery
198.154.180.13,dd-euw1.prod.hydra.sophos.com,delta-delivery
198.154.180.14,dd-euw1.prod.hydra.sophos.com,delta-delivery
198.154.180.15,dd-euw1.prod.hydra.sophos.com,delta-delivery
198.154.180.16,dd-euw1.prod.hydra.sophos.com,delta-delivery
198.154.180.17,dd-euw1.prod.hydra.sophos.com,delta-delivery
198.154.180.18,dd-euw1.prod.hydra.sophos.com,delta-delivery
198.154.180.19,dd-euw1.prod.hydra.sophos.com,delta-delivery
198.154.180.20,dd-euw1.prod.hydra.sophos.com,delta-delivery
198.154.180.21,dd-euw1.prod.hydra.sophos.com,delta-delivery
198.154.180.22,dd-euw1.prod.hydra.sophos.com,delta-delivery
198.154.180.23,dd-euw1.prod.hydra.sophos.com,delta-delivery
198.154.180.24,dd-euw1.prod.hydra.sophos.com,delta-delivery
198.154.180.25,dd-euw1.prod.hydra.sophos.com,delta-delivery
198.154.180.26,dx-euw1.prod.hydra.sophos.com,delta-xdelivery
198.154.180.27,dx-euw1.prod.hydra.sophos.com,delta-xdelivery
198.154.180.28,dx-euw1.prod.hydra.sophos.com,delta-xdelivery
198.154.180.29,dx-euw1.prod.hydra.sophos.com,delta-xdelivery
198.154.180.30,dx-euw1.prod.hydra.sophos.com,delta-xdelivery
198.154.180.31,dx-euw1.prod.hydra.sophos.com,delta-xdelivery
198.154.180.32,spare-euw1.prod.hydra.sophos.com,spare
198.154.180.33,spare-euw1.prod.hydra.sophos.com,spare
198.154.180.34,spare-euw1.prod.hydra.sophos.com,spare
198.154.180.35,spare-euw1.prod.hydra.sophos.com,spare
198.154.180.36,spare-euw1.prod.hydra.sophos.com,spare
198.154.180.37,spare-euw1.prod.hydra.sophos.com,spare
198.154.180.38,spare-euw1.prod.hydra.sophos.com,spare
198.154.180.39,spare-euw1.prod.hydra.sophos.com,spare
198.154.180.40,spare-euw1.prod.hydra.sophos.com,spare
198.154.180.41,spare-euw1.prod.hydra.sophos.com,spare
198.154.180.42,spare-euw1.prod.hydra.sophos.com,spare
198.154.180.43,spare-euw1.prod.hydra.sophos.com,spare
198.154.180.44,spare-euw1.prod.hydra.sophos.com,spare
198.154.180.45,spare-euw1.prod.hydra.sophos.com,spare
198.154.180.46,spare-euw1.prod.hydra.sophos.com,spare
198.154.180.47,spare-euw1.prod.hydra.sophos.com,spare
198.154.180.48,spare-euw1.prod.hydra.sophos.com,spare
198.154.180.49,spare-euw1.prod.hydra.sophos.com,spare
198.154.180.50,spare-euw1.prod.hydra.sophos.com,spare
198.154.180.51,spare-euw1.prod.hydra.sophos.com,spare
198.154.180.52,spare-euw1.prod.hydra.sophos.com,spare
198.154.180.53,spare-euw1.prod.hydra.sophos.com,spare
198.154.180.54,spare-euw1.prod.hydra.sophos.com,spare
198.154.180.55,spare-euw1.prod.hydra.sophos.com,spare
198.154.180.56,spare-euw1.prod.hydra.sophos.com,spare
198.154.180.57,spare-euw1.prod.hydra.sophos.com,spare
198.154.180.58,spare-euw1.prod.hydra.sophos.com,spare
198.154.180.59,spare-euw1.prod.hydra.sophos.com,spare
198.154.180.60,spare-euw1.prod.hydra.sophos.com,spare
198.154.180.61,spare-euw1.prod.hydra.sophos.com,spare
198.154.180.62,spare-euw1.prod.hydra.sophos.com,spare
198.154.180.63,spare-euw1.prod.hydra.sophos.com,spare
198.154.180.64,id-euw1.prod.hydra.sophos.com,internet-delivery
198.154.180.65,id-euw1.prod.hydra.sophos.com,internet-delivery
198.154.180.66,id-euw1.prod.hydra.sophos.com,internet-delivery
198.154.180.67,id-euw1.prod.hydra.sophos.com,internet-delivery
198.154.180.68,id-euw1.prod.hydra.sophos.com,internet-delivery
198.154.180.69,id-euw1.prod.hydra.sophos.com,internet-delivery
198.154.180.70,id-euw1.prod.hydra.sophos.com,internet-delivery
198.154.180.71,id-euw1.prod.hydra.sophos.com,internet-delivery
198.154.180.72,id-euw1.prod.hydra.sophos.com,internet-delivery
198.154.180.73,id-euw1.prod.hydra.sophos.com,internet-delivery
198.154.180.74,id-euw1.prod.hydra.sophos.com,internet-delivery
198.154.180.75,id-euw1.prod.hydra.sophos.com,internet-delivery
198.154.180.76,id-euw1.prod.hydra.sophos.com,internet-delivery
198.154.180.77,id-euw1.prod.hydra.sophos.com,internet-delivery
198.154.180.78,id-euw1.prod.hydra.sophos.com,internet-delivery
198.154.180.79,id-euw1.prod.hydra.sophos.com,internet-delivery
198.154.180.80,id-euw1.prod.hydra.sophos.com,internet-delivery
198.154.180.81,id-euw1.prod.hydra.sophos.com,internet-delivery
198.154.180.82,id-euw1.prod.hydra.sophos.com,internet-delivery
198.154.180.83,id-euw1.prod.hydra.sophos.com,internet-delivery
198.154.180.84,id-euw1.prod.hydra.sophos.com,internet-delivery
198.154.180.85,id-euw1.prod.hydra.sophos.com,internet-delivery
198.154.180.86,id-euw1.prod.hydra.sophos.com,internet-delivery
198.154.180.87,id-euw1.prod.hydra.sophos.com,internet-delivery
198.154.180.88,id-euw1.prod.hydra.sophos.com,internet-delivery
198.154.180.89,id-euw1.prod.hydra.sophos.com,internet-delivery
198.154.180.90,id-euw1.prod.hydra.sophos.com,internet-delivery
198.154.180.91,id-euw1.prod.hydra.sophos.com,internet-delivery
198.154.180.92,id-euw1.prod.hydra.sophos.com,internet-delivery
198.154.180.93,id-euw1.prod.hydra.sophos.com,internet-delivery
198.154.180.94,id-euw1.prod.hydra.sophos.com,internet-delivery
198.154.180.95,id-euw1.prod.hydra.sophos.com,internet-delivery
198.154.180.96,id-euw1.prod.hydra.sophos.com,internet-delivery
198.154.180.97,id-euw1.prod.hydra.sophos.com,internet-delivery
198.154.180.98,id-euw1.prod.hydra.sophos.com,internet-delivery
198.154.180.99,id-euw1.prod.hydra.sophos.com,internet-delivery
198.154.180.100,id-euw1.prod.hydra.sophos.com,internet-delivery
198.154.180.101,id-euw1.prod.hydra.sophos.com,internet-delivery
198.154.180.102,id-euw1.prod.hydra.sophos.com,internet-delivery
198.154.180.103,id-euw1.prod.hydra.sophos.com,internet-delivery
198.154.180.104,id-euw1.prod.hydra.sophos.com,internet-delivery
198.154.180.105,id-euw1.prod.hydra.sophos.com,internet-delivery
198.154.180.106,id-euw1.prod.hydra.sophos.com,internet-delivery
198.154.180.107,id-euw1.prod.hydra.sophos.com,internet-delivery
198.154.180.108,id-euw1.prod.hydra.sophos.com,internet-delivery
198.154.180.109,id-euw1.prod.hydra.sophos.com,internet-delivery
198.154.180.110,id-euw1.prod.hydra.sophos.com,internet-delivery
198.154.180.111,id-euw1.prod.hydra.sophos.com,internet-delivery
198.154.180.112,ix-euw1.prod.hydra.sophos.com,internet-xdelivery
198.154.180.113,ix-euw1.prod.hydra.sophos.com,internet-xdelivery
198.154.180.114,ix-euw1.prod.hydra.sophos.com,internet-xdelivery
198.154.180.115,ix-euw1.prod.hydra.sophos.com,internet-xdelivery
198.154.180.116,ix-euw1.prod.hydra.sophos.com,internet-xdelivery
198.154.180.117,ix-euw1.prod.hydra.sophos.com,internet-xdelivery
198.154.180.118,ix-euw1.prod.hydra.sophos.com,internet-xdelivery
198.154.180.119,ix-euw1.prod.hydra.sophos.com,internet-xdelivery
198.154.180.120,ix-euw1.prod.hydra.sophos.com,internet-xdelivery
198.154.180.121,ix-euw1.prod.hydra.sophos.com,internet-xdelivery
198.154.180.122,ix-euw1.prod.hydra.sophos.com,internet-xdelivery
198.154.180.123,ix-euw1.prod.hydra.sophos.com,internet-xdelivery
198.154.180.124,ix-euw1.prod.hydra.sophos.com,internet-xdelivery
198.154.180.125,ix-euw1.prod.hydra.sophos.com,internet-xdelivery
198.154.180.126,ix-euw1.prod.hydra.sophos.com,internet-xdelivery
198.154.180.127,ix-euw1.prod.hydra.sophos.com,internet-xdelivery
198.154.180.128,cd-euw1.prod.hydra.sophos.com,customer-delivery
198.154.180.129,cd-euw1.prod.hydra.sophos.com,customer-delivery
198.154.180.130,cd-euw1.prod.hydra.sophos.com,customer-delivery
198.154.180.131,cd-euw1.prod.hydra.sophos.com,customer-delivery
198.154.180.132,cd-euw1.prod.hydra.sophos.com,customer-delivery
198.154.180.133,cd-euw1.prod.hydra.sophos.com,customer-delivery
198.154.180.134,cd-euw1.prod.hydra.sophos.com,customer-delivery
198.154.180.135,cd-euw1.prod.hydra.sophos.com,customer-delivery
198.154.180.136,cd-euw1.prod.hydra.sophos.com,customer-delivery
198.154.180.137,cd-euw1.prod.hydra.sophos.com,customer-delivery
198.154.180.138,cd-euw1.prod.hydra.sophos.com,customer-delivery
198.154.180.139,cd-euw1.prod.hydra.sophos.com,customer-delivery
198.154.180.140,cd-euw1.prod.hydra.sophos.com,customer-delivery
198.154.180.141,cd-euw1.prod.hydra.sophos.com,customer-delivery
198.154.180.142,cd-euw1.prod.hydra.sophos.com,customer-delivery
198.154.180.143,cd-euw1.prod.hydra.sophos.com,customer-delivery
198.154.180.144,cd-euw1.prod.hydra.sophos.com,customer-delivery
198.154.180.145,cd-euw1.prod.hydra.sophos.com,customer-delivery
198.154.180.146,cd-euw1.prod.hydra.sophos.com,customer-delivery
198.154.180.147,cd-euw1.prod.hydra.sophos.com,customer-delivery
198.154.180.148,cd-euw1.prod.hydra.sophos.com,customer-delivery
198.154.180.149,cd-euw1.prod.hydra.sophos.com,customer-delivery
198.154.180.150,cd-euw1.prod.hydra.sophos.com,customer-delivery
198.154.180.151,cd-euw1.prod.hydra.sophos.com,customer-delivery
198.154.180.152,cd-euw1.prod.hydra.sophos.com,customer-delivery
198.154.180.153,cd-euw1.prod.hydra.sophos.com,customer-delivery
198.154.180.154,cd-euw1.prod.hydra.sophos.com,customer-delivery
198.154.180.155,cd-euw1.prod.hydra.sophos.com,customer-delivery
198.154.180.156,cd-euw1.prod.hydra.sophos.com,customer-delivery
198.154.180.157,cd-euw1.prod.hydra.sophos.com,customer-delivery
198.154.180.158,cd-euw1.prod.hydra.sophos.com,customer-delivery
198.154.180.159,cd-euw1.prod.hydra.sophos.com,customer-delivery
198.154.180.160,cd-euw1.prod.hydra.sophos.com,customer-delivery
198.154.180.161,cd-euw1.prod.hydra.sophos.com,customer-delivery
198.154.180.162,cd-euw1.prod.hydra.sophos.com,customer-delivery
198.154.180.163,cd-euw1.prod.hydra.sophos.com,customer-delivery
198.154.180.164,cd-euw1.prod.hydra.sophos.com,customer-delivery
198.154.180.165,cd-euw1.prod.hydra.sophos.com,customer-delivery
198.154.180.166,cd-euw1.prod.hydra.sophos.com,customer-delivery
198.154.180.167,cd-euw1.prod.hydra.sophos.com,customer-delivery
198.154.180.168,cd-euw1.prod.hydra.sophos.com,customer-delivery
198.154.180.169,cd-euw1.prod.hydra.sophos.com,customer-delivery
198.154.180.170,cd-euw1.prod.hydra.sophos.com,customer-delivery
198.154.180.171,cd-euw1.prod.hydra.sophos.com,customer-delivery
198.154.180.172,cd-euw1.prod.hydra.sophos.com,customer-delivery
198.154.180.173,cd-euw1.prod.hydra.sophos.com,customer-delivery
198.154.180.174,cd-euw1.prod.hydra.sophos.com,customer-delivery
198.154.180.175,cd-euw1.prod.hydra.sophos.com,customer-delivery
198.154.180.176,cx-euw1.prod.hydra.sophos.com,customer-xdelivery
198.154.180.177,cx-euw1.prod.hydra.sophos.com,customer-xdelivery
198.154.180.178,cx-euw1.prod.hydra.sophos.com,customer-xdelivery
198.154.180.179,cx-euw1.prod.hydra.sophos.com,customer-xdelivery
198.154.180.180,cx-euw1.prod.hydra.sophos.com,customer-xdelivery
198.154.180.181,cx-euw1.prod.hydra.sophos.com,customer-xdelivery
198.154.180.182,cx-euw1.prod.hydra.sophos.com,customer-xdelivery
198.154.180.183,cx-euw1.prod.hydra.sophos.com,customer-xdelivery
198.154.180.184,cx-euw1.prod.hydra.sophos.com,customer-xdelivery
198.154.180.185,cx-euw1.prod.hydra.sophos.com,customer-xdelivery
198.154.180.186,cx-euw1.prod.hydra.sophos.com,customer-xdelivery
198.154.180.187,cx-euw1.prod.hydra.sophos.com,customer-xdelivery
198.154.180.188,cx-euw1.prod.hydra.sophos.com,customer-xdelivery
198.154.180.189,cx-euw1.prod.hydra.sophos.com,customer-xdelivery
198.154.180.190,cx-euw1.prod.hydra.sophos.com,customer-xdelivery
198.154.180.191,cx-euw1.prod.hydra.sophos.com,customer-xdelivery
198.154.180.192,mfid-euw1.prod.hydra.sophos.com,mf-inbound-delivery
198.154.180.193,mfid-euw1.prod.hydra.sophos.com,mf-inbound-delivery
198.154.180.194,mfid-euw1.prod.hydra.sophos.com,mf-inbound-delivery
198.154.180.195,mfid-euw1.prod.hydra.sophos.com,mf-inbound-delivery
198.154.180.196,mfid-euw1.prod.hydra.sophos.com,mf-inbound-delivery
198.154.180.197,mfid-euw1.prod.hydra.sophos.com,mf-inbound-delivery
198.154.180.198,mfid-euw1.prod.hydra.sophos.com,mf-inbound-delivery
198.154.180.199,mfid-euw1.prod.hydra.sophos.com,mf-inbound-delivery
198.154.180.200,mfid-euw1.prod.hydra.sophos.com,mf-inbound-delivery
198.154.180.201,mfid-euw1.prod.hydra.sophos.com,mf-inbound-delivery
198.154.180.202,mfid-euw1.prod.hydra.sophos.com,mf-inbound-delivery
198.154.180.203,mfid-euw1.prod.hydra.sophos.com,mf-inbound-delivery
198.154.180.204,mfid-euw1.prod.hydra.sophos.com,mf-inbound-delivery
198.154.180.205,mfid-euw1.prod.hydra.sophos.com,mf-inbound-delivery
198.154.180.206,mfid-euw1.prod.hydra.sophos.com,mf-inbound-delivery
198.154.180.207,mfid-euw1.prod.hydra.sophos.com,mf-inbound-delivery
198.154.180.208,mfid-euw1.prod.hydra.sophos.com,mf-inbound-delivery
198.154.180.209,mfid-euw1.prod.hydra.sophos.com,mf-inbound-delivery
198.154.180.210,mfid-euw1.prod.hydra.sophos.com,mf-inbound-delivery
198.154.180.211,mfid-euw1.prod.hydra.sophos.com,mf-inbound-delivery
198.154.180.212,mfid-euw1.prod.hydra.sophos.com,mf-inbound-delivery
198.154.180.213,mfid-euw1.prod.hydra.sophos.com,mf-inbound-delivery
198.154.180.214,mfid-euw1.prod.hydra.sophos.com,mf-inbound-delivery
198.154.180.215,mfid-euw1.prod.hydra.sophos.com,mf-inbound-delivery
198.154.180.216,mfix-euw1.prod.hydra.sophos.com,mf-inbound-xdelivery
198.154.180.217,mfix-euw1.prod.hydra.sophos.com,mf-inbound-xdelivery
198.154.180.218,mfix-euw1.prod.hydra.sophos.com,mf-inbound-xdelivery
198.154.180.219,mfix-euw1.prod.hydra.sophos.com,mf-inbound-xdelivery
198.154.180.220,mfix-euw1.prod.hydra.sophos.com,mf-inbound-xdelivery
198.154.180.221,mfix-euw1.prod.hydra.sophos.com,mf-inbound-xdelivery
198.154.180.222,mfix-euw1.prod.hydra.sophos.com,mf-inbound-xdelivery
198.154.180.223,mfix-euw1.prod.hydra.sophos.com,mf-inbound-xdelivery
198.154.180.224,mfod-euw1.prod.hydra.sophos.com,mf-outbound-delivery
198.154.180.225,mfod-euw1.prod.hydra.sophos.com,mf-outbound-delivery
198.154.180.226,mfod-euw1.prod.hydra.sophos.com,mf-outbound-delivery
198.154.180.227,mfod-euw1.prod.hydra.sophos.com,mf-outbound-delivery
198.154.180.228,mfod-euw1.prod.hydra.sophos.com,mf-outbound-delivery
198.154.180.229,mfod-euw1.prod.hydra.sophos.com,mf-outbound-delivery
198.154.180.230,mfod-euw1.prod.hydra.sophos.com,mf-outbound-delivery
198.154.180.231,mfod-euw1.prod.hydra.sophos.com,mf-outbound-delivery
198.154.180.232,mfod-euw1.prod.hydra.sophos.com,mf-outbound-delivery
198.154.180.233,mfod-euw1.prod.hydra.sophos.com,mf-outbound-delivery
198.154.180.234,mfod-euw1.prod.hydra.sophos.com,mf-outbound-delivery
198.154.180.235,mfod-euw1.prod.hydra.sophos.com,mf-outbound-delivery
198.154.180.236,mfod-euw1.prod.hydra.sophos.com,mf-outbound-delivery
198.154.180.237,mfod-euw1.prod.hydra.sophos.com,mf-outbound-delivery
198.154.180.238,mfod-euw1.prod.hydra.sophos.com,mf-outbound-delivery
198.154.180.239,mfod-euw1.prod.hydra.sophos.com,mf-outbound-delivery
198.154.180.240,mfod-euw1.prod.hydra.sophos.com,mf-outbound-delivery
198.154.180.241,mfod-euw1.prod.hydra.sophos.com,mf-outbound-delivery
198.154.180.242,mfod-euw1.prod.hydra.sophos.com,mf-outbound-delivery
198.154.180.243,mfod-euw1.prod.hydra.sophos.com,mf-outbound-delivery
198.154.180.244,mfod-euw1.prod.hydra.sophos.com,mf-outbound-delivery
198.154.180.245,mfod-euw1.prod.hydra.sophos.com,mf-outbound-delivery
198.154.180.246,mfod-euw1.prod.hydra.sophos.com,mf-outbound-delivery
198.154.180.247,mfod-euw1.prod.hydra.sophos.com,mf-outbound-delivery
198.154.180.248,mfox-euw1.prod.hydra.sophos.com,mf-outbound-xdelivery
198.154.180.249,mfox-euw1.prod.hydra.sophos.com,mf-outbound-xdelivery
198.154.180.250,mfox-euw1.prod.hydra.sophos.com,mf-outbound-xdelivery
198.154.180.251,mfox-euw1.prod.hydra.sophos.com,mf-outbound-xdelivery
198.154.180.252,mfox-euw1.prod.hydra.sophos.com,mf-outbound-xdelivery
198.154.180.253,mfox-euw1.prod.hydra.sophos.com,mf-outbound-xdelivery
198.154.180.254,mfox-euw1.prod.hydra.sophos.com,mf-outbound-xdelivery
198.154.180.255,mfox-euw1.prod.hydra.sophos.com,mf-outbound-xdelivery