103.246.251.0,dd-use2.prod.hydra.sophos.com,delta-delivery
103.246.251.1,dd-use2.prod.hydra.sophos.com,delta-delivery
103.246.251.2,dd-use2.prod.hydra.sophos.com,delta-delivery
103.246.251.3,dd-use2.prod.hydra.sophos.com,delta-delivery
103.246.251.4,dd-use2.prod.hydra.sophos.com,delta-delivery
103.246.251.5,dd-use2.prod.hydra.sophos.com,delta-delivery
103.246.251.6,dd-use2.prod.hydra.sophos.com,delta-delivery
103.246.251.7,dd-use2.prod.hydra.sophos.com,delta-delivery
103.246.251.8,dd-use2.prod.hydra.sophos.com,delta-delivery
103.246.251.9,dd-use2.prod.hydra.sophos.com,delta-delivery
103.246.251.10,dd-use2.prod.hydra.sophos.com,delta-delivery
103.246.251.11,dd-use2.prod.hydra.sophos.com,delta-delivery
103.246.251.12,dd-use2.prod.hydra.sophos.com,delta-delivery
103.246.251.13,dd-use2.prod.hydra.sophos.com,delta-delivery
103.246.251.14,dd-use2.prod.hydra.sophos.com,delta-delivery
103.246.251.15,dd-use2.prod.hydra.sophos.com,delta-delivery
103.246.251.16,dd-use2.prod.hydra.sophos.com,delta-delivery
103.246.251.17,dd-use2.prod.hydra.sophos.com,delta-delivery
103.246.251.18,dd-use2.prod.hydra.sophos.com,delta-delivery
103.246.251.19,dd-use2.prod.hydra.sophos.com,delta-delivery
103.246.251.20,dd-use2.prod.hydra.sophos.com,delta-delivery
103.246.251.21,dd-use2.prod.hydra.sophos.com,delta-delivery
103.246.251.22,dd-use2.prod.hydra.sophos.com,delta-delivery
103.246.251.23,dd-use2.prod.hydra.sophos.com,delta-delivery
103.246.251.24,dd-use2.prod.hydra.sophos.com,delta-delivery
103.246.251.25,dd-use2.prod.hydra.sophos.com,delta-delivery
103.246.251.26,dx-use2.prod.hydra.sophos.com,delta-xdelivery
103.246.251.27,dx-use2.prod.hydra.sophos.com,delta-xdelivery
103.246.251.28,dx-use2.prod.hydra.sophos.com,delta-xdelivery
103.246.251.29,dx-use2.prod.hydra.sophos.com,delta-xdelivery
103.246.251.30,dx-use2.prod.hydra.sophos.com,delta-xdelivery
103.246.251.31,dx-use2.prod.hydra.sophos.com,delta-xdelivery
103.246.251.32,spare-use2.prod.hydra.sophos.com,spare
103.246.251.33,spare-use2.prod.hydra.sophos.com,spare
103.246.251.34,spare-use2.prod.hydra.sophos.com,spare
103.246.251.35,spare-use2.prod.hydra.sophos.com,spare
103.246.251.36,spare-use2.prod.hydra.sophos.com,spare
103.246.251.37,spare-use2.prod.hydra.sophos.com,spare
103.246.251.38,spare-use2.prod.hydra.sophos.com,spare
103.246.251.39,spare-use2.prod.hydra.sophos.com,spare
103.246.251.40,spare-use2.prod.hydra.sophos.com,spare
103.246.251.41,spare-use2.prod.hydra.sophos.com,spare
103.246.251.42,spare-use2.prod.hydra.sophos.com,spare
103.246.251.43,spare-use2.prod.hydra.sophos.com,spare
103.246.251.44,spare-use2.prod.hydra.sophos.com,spare
103.246.251.45,spare-use2.prod.hydra.sophos.com,spare
103.246.251.46,spare-use2.prod.hydra.sophos.com,spare
103.246.251.47,spare-use2.prod.hydra.sophos.com,spare
103.246.251.48,spare-use2.prod.hydra.sophos.com,spare
103.246.251.49,spare-use2.prod.hydra.sophos.com,spare
103.246.251.50,spare-use2.prod.hydra.sophos.com,spare
103.246.251.51,spare-use2.prod.hydra.sophos.com,spare
103.246.251.52,spare-use2.prod.hydra.sophos.com,spare
103.246.251.53,spare-use2.prod.hydra.sophos.com,spare
103.246.251.54,spare-use2.prod.hydra.sophos.com,spare
103.246.251.55,spare-use2.prod.hydra.sophos.com,spare
103.246.251.56,spare-use2.prod.hydra.sophos.com,spare
103.246.251.57,spare-use2.prod.hydra.sophos.com,spare
103.246.251.58,spare-use2.prod.hydra.sophos.com,spare
103.246.251.59,spare-use2.prod.hydra.sophos.com,spare
103.246.251.60,spare-use2.prod.hydra.sophos.com,spare
103.246.251.61,spare-use2.prod.hydra.sophos.com,spare
103.246.251.62,spare-use2.prod.hydra.sophos.com,spare
103.246.251.63,spare-use2.prod.hydra.sophos.com,spare
103.246.251.64,id-use2.prod.hydra.sophos.com,internet-delivery
103.246.251.65,id-use2.prod.hydra.sophos.com,internet-delivery
103.246.251.66,id-use2.prod.hydra.sophos.com,internet-delivery
103.246.251.67,id-use2.prod.hydra.sophos.com,internet-delivery
103.246.251.68,id-use2.prod.hydra.sophos.com,internet-delivery
103.246.251.69,id-use2.prod.hydra.sophos.com,internet-delivery
103.246.251.70,id-use2.prod.hydra.sophos.com,internet-delivery
103.246.251.71,id-use2.prod.hydra.sophos.com,internet-delivery
103.246.251.72,id-use2.prod.hydra.sophos.com,internet-delivery
103.246.251.73,id-use2.prod.hydra.sophos.com,internet-delivery
103.246.251.74,id-use2.prod.hydra.sophos.com,internet-delivery
103.246.251.75,id-use2.prod.hydra.sophos.com,internet-delivery
103.246.251.76,id-use2.prod.hydra.sophos.com,internet-delivery
103.246.251.77,id-use2.prod.hydra.sophos.com,internet-delivery
103.246.251.78,id-use2.prod.hydra.sophos.com,internet-delivery
103.246.251.79,id-use2.prod.hydra.sophos.com,internet-delivery
103.246.251.80,id-use2.prod.hydra.sophos.com,internet-delivery
103.246.251.81,id-use2.prod.hydra.sophos.com,internet-delivery
103.246.251.82,id-use2.prod.hydra.sophos.com,internet-delivery
103.246.251.83,id-use2.prod.hydra.sophos.com,internet-delivery
103.246.251.84,id-use2.prod.hydra.sophos.com,internet-delivery
103.246.251.85,id-use2.prod.hydra.sophos.com,internet-delivery
103.246.251.86,id-use2.prod.hydra.sophos.com,internet-delivery
103.246.251.87,id-use2.prod.hydra.sophos.com,internet-delivery
103.246.251.88,id-use2.prod.hydra.sophos.com,internet-delivery
103.246.251.89,id-use2.prod.hydra.sophos.com,internet-delivery
103.246.251.90,id-use2.prod.hydra.sophos.com,internet-delivery
103.246.251.91,id-use2.prod.hydra.sophos.com,internet-delivery
103.246.251.92,id-use2.prod.hydra.sophos.com,internet-delivery
103.246.251.93,id-use2.prod.hydra.sophos.com,internet-delivery
103.246.251.94,id-use2.prod.hydra.sophos.com,internet-delivery
103.246.251.95,id-use2.prod.hydra.sophos.com,internet-delivery
103.246.251.96,id-use2.prod.hydra.sophos.com,internet-delivery
103.246.251.97,id-use2.prod.hydra.sophos.com,internet-delivery
103.246.251.98,id-use2.prod.hydra.sophos.com,internet-delivery
103.246.251.99,id-use2.prod.hydra.sophos.com,internet-delivery
103.246.251.100,id-use2.prod.hydra.sophos.com,internet-delivery
103.246.251.101,id-use2.prod.hydra.sophos.com,internet-delivery
103.246.251.102,id-use2.prod.hydra.sophos.com,internet-delivery
103.246.251.103,id-use2.prod.hydra.sophos.com,internet-delivery
103.246.251.104,id-use2.prod.hydra.sophos.com,internet-delivery
103.246.251.105,id-use2.prod.hydra.sophos.com,internet-delivery
103.246.251.106,id-use2.prod.hydra.sophos.com,internet-delivery
103.246.251.107,id-use2.prod.hydra.sophos.com,internet-delivery
103.246.251.108,id-use2.prod.hydra.sophos.com,internet-delivery
103.246.251.109,id-use2.prod.hydra.sophos.com,internet-delivery
103.246.251.110,id-use2.prod.hydra.sophos.com,internet-delivery
103.246.251.111,id-use2.prod.hydra.sophos.com,internet-delivery
103.246.251.112,ix-use2.prod.hydra.sophos.com,internet-xdelivery
103.246.251.113,ix-use2.prod.hydra.sophos.com,internet-xdelivery
103.246.251.114,ix-use2.prod.hydra.sophos.com,internet-xdelivery
103.246.251.115,ix-use2.prod.hydra.sophos.com,internet-xdelivery
103.246.251.116,ix-use2.prod.hydra.sophos.com,internet-xdelivery
103.246.251.117,ix-use2.prod.hydra.sophos.com,internet-xdelivery
103.246.251.118,ix-use2.prod.hydra.sophos.com,internet-xdelivery
103.246.251.119,ix-use2.prod.hydra.sophos.com,internet-xdelivery
103.246.251.120,ix-use2.prod.hydra.sophos.com,internet-xdelivery
103.246.251.121,ix-use2.prod.hydra.sophos.com,internet-xdelivery
103.246.251.122,ix-use2.prod.hydra.sophos.com,internet-xdelivery
103.246.251.123,ix-use2.prod.hydra.sophos.com,internet-xdelivery
103.246.251.124,ix-use2.prod.hydra.sophos.com,internet-xdelivery
103.246.251.125,ix-use2.prod.hydra.sophos.com,internet-xdelivery
103.246.251.126,ix-use2.prod.hydra.sophos.com,internet-xdelivery
103.246.251.127,ix-use2.prod.hydra.sophos.com,internet-xdelivery
103.246.251.128,cd-use2.prod.hydra.sophos.com,customer-delivery
103.246.251.129,cd-use2.prod.hydra.sophos.com,customer-delivery
103.246.251.130,cd-use2.prod.hydra.sophos.com,customer-delivery
103.246.251.131,cd-use2.prod.hydra.sophos.com,customer-delivery
103.246.251.132,cd-use2.prod.hydra.sophos.com,customer-delivery
103.246.251.133,cd-use2.prod.hydra.sophos.com,customer-delivery
103.246.251.134,cd-use2.prod.hydra.sophos.com,customer-delivery
103.246.251.135,cd-use2.prod.hydra.sophos.com,customer-delivery
103.246.251.136,cd-use2.prod.hydra.sophos.com,customer-delivery
103.246.251.137,cd-use2.prod.hydra.sophos.com,customer-delivery
103.246.251.138,cd-use2.prod.hydra.sophos.com,customer-delivery
103.246.251.139,cd-use2.prod.hydra.sophos.com,customer-delivery
103.246.251.140,cd-use2.prod.hydra.sophos.com,customer-delivery
103.246.251.141,cd-use2.prod.hydra.sophos.com,customer-delivery
103.246.251.142,cd-use2.prod.hydra.sophos.com,customer-delivery
103.246.251.143,cd-use2.prod.hydra.sophos.com,customer-delivery
103.246.251.144,cd-use2.prod.hydra.sophos.com,customer-delivery
103.246.251.145,cd-use2.prod.hydra.sophos.com,customer-delivery
103.246.251.146,cd-use2.prod.hydra.sophos.com,customer-delivery
103.246.251.147,cd-use2.prod.hydra.sophos.com,customer-delivery
103.246.251.148,cd-use2.prod.hydra.sophos.com,customer-delivery
103.246.251.149,cd-use2.prod.hydra.sophos.com,customer-delivery
103.246.251.150,cd-use2.prod.hydra.sophos.com,customer-delivery
103.246.251.151,cd-use2.prod.hydra.sophos.com,customer-delivery
103.246.251.152,cd-use2.prod.hydra.sophos.com,customer-delivery
103.246.251.153,cd-use2.prod.hydra.sophos.com,customer-delivery
103.246.251.154,cd-use2.prod.hydra.sophos.com,customer-delivery
103.246.251.155,cd-use2.prod.hydra.sophos.com,customer-delivery
103.246.251.156,cd-use2.prod.hydra.sophos.com,customer-delivery
103.246.251.157,cd-use2.prod.hydra.sophos.com,customer-delivery
103.246.251.158,cd-use2.prod.hydra.sophos.com,customer-delivery
103.246.251.159,cd-use2.prod.hydra.sophos.com,customer-delivery
103.246.251.160,cd-use2.prod.hydra.sophos.com,customer-delivery
103.246.251.161,cd-use2.prod.hydra.sophos.com,customer-delivery
103.246.251.162,cd-use2.prod.hydra.sophos.com,customer-delivery
103.246.251.163,cd-use2.prod.hydra.sophos.com,customer-delivery
103.246.251.164,cd-use2.prod.hydra.sophos.com,customer-delivery
103.246.251.165,cd-use2.prod.hydra.sophos.com,customer-delivery
103.246.251.166,cd-use2.prod.hydra.sophos.com,customer-delivery
103.246.251.167,cd-use2.prod.hydra.sophos.com,customer-delivery
103.246.251.168,cd-use2.prod.hydra.sophos.com,customer-delivery
103.246.251.169,cd-use2.prod.hydra.sophos.com,customer-delivery
103.246.251.170,cd-use2.prod.hydra.sophos.com,customer-delivery
103.246.251.171,cd-use2.prod.hydra.sophos.com,customer-delivery
103.246.251.172,cd-use2.prod.hydra.sophos.com,customer-delivery
103.246.251.173,cd-use2.prod.hydra.sophos.com,customer-delivery
103.246.251.174,cd-use2.prod.hydra.sophos.com,customer-delivery
103.246.251.175,cd-use2.prod.hydra.sophos.com,customer-delivery
103.246.251.176,cx-use2.prod.hydra.sophos.com,customer-xdelivery
103.246.251.177,cx-use2.prod.hydra.sophos.com,customer-xdelivery
103.246.251.178,cx-use2.prod.hydra.sophos.com,customer-xdelivery
103.246.251.179,cx-use2.prod.hydra.sophos.com,customer-xdelivery
103.246.251.180,cx-use2.prod.hydra.sophos.com,customer-xdelivery
103.246.251.181,cx-use2.prod.hydra.sophos.com,customer-xdelivery
103.246.251.182,cx-use2.prod.hydra.sophos.com,customer-xdelivery
103.246.251.183,cx-use2.prod.hydra.sophos.com,customer-xdelivery
103.246.251.184,cx-use2.prod.hydra.sophos.com,customer-xdelivery
103.246.251.185,cx-use2.prod.hydra.sophos.com,customer-xdelivery
103.246.251.186,cx-use2.prod.hydra.sophos.com,customer-xdelivery
103.246.251.187,cx-use2.prod.hydra.sophos.com,customer-xdelivery
103.246.251.188,cx-use2.prod.hydra.sophos.com,customer-xdelivery
103.246.251.189,cx-use2.prod.hydra.sophos.com,customer-xdelivery
103.246.251.190,cx-use2.prod.hydra.sophos.com,customer-xdelivery
103.246.251.191,cx-use2.prod.hydra.sophos.com,customer-xdelivery
103.246.251.192,mfid-use2.prod.hydra.sophos.com,mf-inbound-delivery
103.246.251.193,mfid-use2.prod.hydra.sophos.com,mf-inbound-delivery
103.246.251.194,mfid-use2.prod.hydra.sophos.com,mf-inbound-delivery
103.246.251.195,mfid-use2.prod.hydra.sophos.com,mf-inbound-delivery
103.246.251.196,mfid-use2.prod.hydra.sophos.com,mf-inbound-delivery
103.246.251.197,mfid-use2.prod.hydra.sophos.com,mf-inbound-delivery
103.246.251.198,mfid-use2.prod.hydra.sophos.com,mf-inbound-delivery
103.246.251.199,mfid-use2.prod.hydra.sophos.com,mf-inbound-delivery
103.246.251.200,mfid-use2.prod.hydra.sophos.com,mf-inbound-delivery
103.246.251.201,mfid-use2.prod.hydra.sophos.com,mf-inbound-delivery
103.246.251.202,mfid-use2.prod.hydra.sophos.com,mf-inbound-delivery
103.246.251.203,mfid-use2.prod.hydra.sophos.com,mf-inbound-delivery
103.246.251.204,mfid-use2.prod.hydra.sophos.com,mf-inbound-delivery
103.246.251.205,mfid-use2.prod.hydra.sophos.com,mf-inbound-delivery
103.246.251.206,mfid-use2.prod.hydra.sophos.com,mf-inbound-delivery
103.246.251.207,mfid-use2.prod.hydra.sophos.com,mf-inbound-delivery
103.246.251.208,mfid-use2.prod.hydra.sophos.com,mf-inbound-delivery
103.246.251.209,mfid-use2.prod.hydra.sophos.com,mf-inbound-delivery
103.246.251.210,mfid-use2.prod.hydra.sophos.com,mf-inbound-delivery
103.246.251.211,mfid-use2.prod.hydra.sophos.com,mf-inbound-delivery
103.246.251.212,mfid-use2.prod.hydra.sophos.com,mf-inbound-delivery
103.246.251.213,mfid-use2.prod.hydra.sophos.com,mf-inbound-delivery
103.246.251.214,mfid-use2.prod.hydra.sophos.com,mf-inbound-delivery
103.246.251.215,mfid-use2.prod.hydra.sophos.com,mf-inbound-delivery
103.246.251.216,mfix-use2.prod.hydra.sophos.com,mf-inbound-xdelivery
103.246.251.217,mfix-use2.prod.hydra.sophos.com,mf-inbound-xdelivery
103.246.251.218,mfix-use2.prod.hydra.sophos.com,mf-inbound-xdelivery
103.246.251.219,mfix-use2.prod.hydra.sophos.com,mf-inbound-xdelivery
103.246.251.220,mfix-use2.prod.hydra.sophos.com,mf-inbound-xdelivery
103.246.251.221,mfix-use2.prod.hydra.sophos.com,mf-inbound-xdelivery
103.246.251.222,mfix-use2.prod.hydra.sophos.com,mf-inbound-xdelivery
103.246.251.223,mfix-use2.prod.hydra.sophos.com,mf-inbound-xdelivery
103.246.251.224,mfod-use2.prod.hydra.sophos.com,mf-outbound-delivery
103.246.251.225,mfod-use2.prod.hydra.sophos.com,mf-outbound-delivery
103.246.251.226,mfod-use2.prod.hydra.sophos.com,mf-outbound-delivery
103.246.251.227,mfod-use2.prod.hydra.sophos.com,mf-outbound-delivery
103.246.251.228,mfod-use2.prod.hydra.sophos.com,mf-outbound-delivery
103.246.251.229,mfod-use2.prod.hydra.sophos.com,mf-outbound-delivery
103.246.251.230,mfod-use2.prod.hydra.sophos.com,mf-outbound-delivery
103.246.251.231,mfod-use2.prod.hydra.sophos.com,mf-outbound-delivery
103.246.251.232,mfod-use2.prod.hydra.sophos.com,mf-outbound-delivery
103.246.251.233,mfod-use2.prod.hydra.sophos.com,mf-outbound-delivery
103.246.251.234,mfod-use2.prod.hydra.sophos.com,mf-outbound-delivery
103.246.251.235,mfod-use2.prod.hydra.sophos.com,mf-outbound-delivery
103.246.251.236,mfod-use2.prod.hydra.sophos.com,mf-outbound-delivery
103.246.251.237,mfod-use2.prod.hydra.sophos.com,mf-outbound-delivery
103.246.251.238,mfod-use2.prod.hydra.sophos.com,mf-outbound-delivery
103.246.251.239,mfod-use2.prod.hydra.sophos.com,mf-outbound-delivery
103.246.251.240,mfod-use2.prod.hydra.sophos.com,mf-outbound-delivery
103.246.251.241,mfod-use2.prod.hydra.sophos.com,mf-outbound-delivery
103.246.251.242,mfod-use2.prod.hydra.sophos.com,mf-outbound-delivery
103.246.251.243,mfod-use2.prod.hydra.sophos.com,mf-outbound-delivery
103.246.251.244,mfod-use2.prod.hydra.sophos.com,mf-outbound-delivery
103.246.251.245,mfod-use2.prod.hydra.sophos.com,mf-outbound-delivery
103.246.251.246,mfod-use2.prod.hydra.sophos.com,mf-outbound-delivery
103.246.251.247,mfod-use2.prod.hydra.sophos.com,mf-outbound-delivery
103.246.251.248,mfox-use2.prod.hydra.sophos.com,mf-outbound-xdelivery
103.246.251.249,mfox-use2.prod.hydra.sophos.com,mf-outbound-xdelivery
103.246.251.250,mfox-use2.prod.hydra.sophos.com,mf-outbound-xdelivery
103.246.251.251,mfox-use2.prod.hydra.sophos.com,mf-outbound-xdelivery
103.246.251.252,mfox-use2.prod.hydra.sophos.com,mf-outbound-xdelivery
103.246.251.253,mfox-use2.prod.hydra.sophos.com,mf-outbound-xdelivery
103.246.251.254,mfox-use2.prod.hydra.sophos.com,mf-outbound-xdelivery
103.246.251.255,mfox-use2.prod.hydra.sophos.com,mf-outbound-xdelivery