64.69.223.0,dd-usw2-sp.prod.hydra.sophos.com,delta-delivery
64.69.223.1,dd-usw2-sp.prod.hydra.sophos.com,delta-delivery
64.69.223.2,dd-usw2-sp.prod.hydra.sophos.com,delta-delivery
64.69.223.3,dd-usw2-sp.prod.hydra.sophos.com,delta-delivery
64.69.223.4,dd-usw2-sp.prod.hydra.sophos.com,delta-delivery
64.69.223.5,dd-usw2-sp.prod.hydra.sophos.com,delta-delivery
64.69.223.6,dd-usw2-sp.prod.hydra.sophos.com,delta-delivery
64.69.223.7,dd-usw2-sp.prod.hydra.sophos.com,delta-delivery
64.69.223.8,dd-usw2-sp.prod.hydra.sophos.com,delta-delivery
64.69.223.9,dd-usw2-sp.prod.hydra.sophos.com,delta-delivery
64.69.223.10,dd-usw2-sp.prod.hydra.sophos.com,delta-delivery
64.69.223.11,dd-usw2-sp.prod.hydra.sophos.com,delta-delivery
64.69.223.12,dd-usw2-sp.prod.hydra.sophos.com,delta-delivery
64.69.223.13,dd-usw2-sp.prod.hydra.sophos.com,delta-delivery
64.69.223.14,dd-usw2-sp.prod.hydra.sophos.com,delta-delivery
64.69.223.15,dd-usw2-sp.prod.hydra.sophos.com,delta-delivery
64.69.223.16,dd-usw2-sp.prod.hydra.sophos.com,delta-delivery
64.69.223.17,dd-usw2-sp.prod.hydra.sophos.com,delta-delivery
64.69.223.18,dd-usw2-sp.prod.hydra.sophos.com,delta-delivery
64.69.223.19,dd-usw2-sp.prod.hydra.sophos.com,delta-delivery
64.69.223.20,dd-usw2-sp.prod.hydra.sophos.com,delta-delivery
64.69.223.21,dd-usw2-sp.prod.hydra.sophos.com,delta-delivery
64.69.223.22,dd-usw2-sp.prod.hydra.sophos.com,delta-delivery
64.69.223.23,dd-usw2-sp.prod.hydra.sophos.com,delta-delivery
64.69.223.24,dd-usw2-sp.prod.hydra.sophos.com,delta-delivery
64.69.223.25,dd-usw2-sp.prod.hydra.sophos.com,delta-delivery
64.69.223.26,dx-usw2-sp.prod.hydra.sophos.com,delta-xdelivery
64.69.223.27,dx-usw2-sp.prod.hydra.sophos.com,delta-xdelivery
64.69.223.28,dx-usw2-sp.prod.hydra.sophos.com,delta-xdelivery
64.69.223.29,dx-usw2-sp.prod.hydra.sophos.com,delta-xdelivery
64.69.223.30,dx-usw2-sp.prod.hydra.sophos.com,delta-xdelivery
64.69.223.31,dx-usw2-sp.prod.hydra.sophos.com,delta-xdelivery
64.69.223.32,spare-usw2-sp.prod.hydra.sophos.com,spare
64.69.223.33,spare-usw2-sp.prod.hydra.sophos.com,spare
64.69.223.34,spare-usw2-sp.prod.hydra.sophos.com,spare
64.69.223.35,spare-usw2-sp.prod.hydra.sophos.com,spare
64.69.223.36,spare-usw2-sp.prod.hydra.sophos.com,spare
64.69.223.37,spare-usw2-sp.prod.hydra.sophos.com,spare
64.69.223.38,spare-usw2-sp.prod.hydra.sophos.com,spare
64.69.223.39,spare-usw2-sp.prod.hydra.sophos.com,spare
64.69.223.40,spare-usw2-sp.prod.hydra.sophos.com,spare
64.69.223.41,spare-usw2-sp.prod.hydra.sophos.com,spare
64.69.223.42,spare-usw2-sp.prod.hydra.sophos.com,spare
64.69.223.43,spare-usw2-sp.prod.hydra.sophos.com,spare
64.69.223.44,spare-usw2-sp.prod.hydra.sophos.com,spare
64.69.223.45,spare-usw2-sp.prod.hydra.sophos.com,spare
64.69.223.46,spare-usw2-sp.prod.hydra.sophos.com,spare
64.69.223.47,spare-usw2-sp.prod.hydra.sophos.com,spare
64.69.223.48,spare-usw2-sp.prod.hydra.sophos.com,spare
64.69.223.49,spare-usw2-sp.prod.hydra.sophos.com,spare
64.69.223.50,spare-usw2-sp.prod.hydra.sophos.com,spare
64.69.223.51,spare-usw2-sp.prod.hydra.sophos.com,spare
64.69.223.52,spare-usw2-sp.prod.hydra.sophos.com,spare
64.69.223.53,spare-usw2-sp.prod.hydra.sophos.com,spare
64.69.223.54,spare-usw2-sp.prod.hydra.sophos.com,spare
64.69.223.55,spare-usw2-sp.prod.hydra.sophos.com,spare
64.69.223.56,spare-usw2-sp.prod.hydra.sophos.com,spare
64.69.223.57,spare-usw2-sp.prod.hydra.sophos.com,spare
64.69.223.58,spare-usw2-sp.prod.hydra.sophos.com,spare
64.69.223.59,spare-usw2-sp.prod.hydra.sophos.com,spare
64.69.223.60,spare-usw2-sp.prod.hydra.sophos.com,spare
64.69.223.61,spare-usw2-sp.prod.hydra.sophos.com,spare
64.69.223.62,spare-usw2-sp.prod.hydra.sophos.com,spare
64.69.223.63,spare-usw2-sp.prod.hydra.sophos.com,spare
64.69.223.64,id-usw2-sp.prod.hydra.sophos.com,internet-delivery
64.69.223.65,id-usw2-sp.prod.hydra.sophos.com,internet-delivery
64.69.223.66,id-usw2-sp.prod.hydra.sophos.com,internet-delivery
64.69.223.67,id-usw2-sp.prod.hydra.sophos.com,internet-delivery
64.69.223.68,id-usw2-sp.prod.hydra.sophos.com,internet-delivery
64.69.223.69,id-usw2-sp.prod.hydra.sophos.com,internet-delivery
64.69.223.70,id-usw2-sp.prod.hydra.sophos.com,internet-delivery
64.69.223.71,id-usw2-sp.prod.hydra.sophos.com,internet-delivery
64.69.223.72,id-usw2-sp.prod.hydra.sophos.com,internet-delivery
64.69.223.73,id-usw2-sp.prod.hydra.sophos.com,internet-delivery
64.69.223.74,id-usw2-sp.prod.hydra.sophos.com,internet-delivery
64.69.223.75,id-usw2-sp.prod.hydra.sophos.com,internet-delivery
64.69.223.76,id-usw2-sp.prod.hydra.sophos.com,internet-delivery
64.69.223.77,id-usw2-sp.prod.hydra.sophos.com,internet-delivery
64.69.223.78,id-usw2-sp.prod.hydra.sophos.com,internet-delivery
64.69.223.79,id-usw2-sp.prod.hydra.sophos.com,internet-delivery
64.69.223.80,id-usw2-sp.prod.hydra.sophos.com,internet-delivery
64.69.223.81,id-usw2-sp.prod.hydra.sophos.com,internet-delivery
64.69.223.82,id-usw2-sp.prod.hydra.sophos.com,internet-delivery
64.69.223.83,id-usw2-sp.prod.hydra.sophos.com,internet-delivery
64.69.223.84,id-usw2-sp.prod.hydra.sophos.com,internet-delivery
64.69.223.85,id-usw2-sp.prod.hydra.sophos.com,internet-delivery
64.69.223.86,id-usw2-sp.prod.hydra.sophos.com,internet-delivery
64.69.223.87,id-usw2-sp.prod.hydra.sophos.com,internet-delivery
64.69.223.88,id-usw2-sp.prod.hydra.sophos.com,internet-delivery
64.69.223.89,id-usw2-sp.prod.hydra.sophos.com,internet-delivery
64.69.223.90,id-usw2-sp.prod.hydra.sophos.com,internet-delivery
64.69.223.91,id-usw2-sp.prod.hydra.sophos.com,internet-delivery
64.69.223.92,id-usw2-sp.prod.hydra.sophos.com,internet-delivery
64.69.223.93,id-usw2-sp.prod.hydra.sophos.com,internet-delivery
64.69.223.94,id-usw2-sp.prod.hydra.sophos.com,internet-delivery
64.69.223.95,id-usw2-sp.prod.hydra.sophos.com,internet-delivery
64.69.223.96,id-usw2-sp.prod.hydra.sophos.com,internet-delivery
64.69.223.97,id-usw2-sp.prod.hydra.sophos.com,internet-delivery
64.69.223.98,id-usw2-sp.prod.hydra.sophos.com,internet-delivery
64.69.223.99,id-usw2-sp.prod.hydra.sophos.com,internet-delivery
64.69.223.100,id-usw2-sp.prod.hydra.sophos.com,internet-delivery
64.69.223.101,id-usw2-sp.prod.hydra.sophos.com,internet-delivery
64.69.223.102,id-usw2-sp.prod.hydra.sophos.com,internet-delivery
64.69.223.103,id-usw2-sp.prod.hydra.sophos.com,internet-delivery
64.69.223.104,id-usw2-sp.prod.hydra.sophos.com,internet-delivery
64.69.223.105,id-usw2-sp.prod.hydra.sophos.com,internet-delivery
64.69.223.106,id-usw2-sp.prod.hydra.sophos.com,internet-delivery
64.69.223.107,id-usw2-sp.prod.hydra.sophos.com,internet-delivery
64.69.223.108,id-usw2-sp.prod.hydra.sophos.com,internet-delivery
64.69.223.109,id-usw2-sp.prod.hydra.sophos.com,internet-delivery
64.69.223.110,id-usw2-sp.prod.hydra.sophos.com,internet-delivery
64.69.223.111,id-usw2-sp.prod.hydra.sophos.com,internet-delivery
64.69.223.112,ix-usw2-sp.prod.hydra.sophos.com,internet-xdelivery
64.69.223.113,ix-usw2-sp.prod.hydra.sophos.com,internet-xdelivery
64.69.223.114,ix-usw2-sp.prod.hydra.sophos.com,internet-xdelivery
64.69.223.115,ix-usw2-sp.prod.hydra.sophos.com,internet-xdelivery
64.69.223.116,ix-usw2-sp.prod.hydra.sophos.com,internet-xdelivery
64.69.223.117,ix-usw2-sp.prod.hydra.sophos.com,internet-xdelivery
64.69.223.118,ix-usw2-sp.prod.hydra.sophos.com,internet-xdelivery
64.69.223.119,ix-usw2-sp.prod.hydra.sophos.com,internet-xdelivery
64.69.223.120,ix-usw2-sp.prod.hydra.sophos.com,internet-xdelivery
64.69.223.121,ix-usw2-sp.prod.hydra.sophos.com,internet-xdelivery
64.69.223.122,ix-usw2-sp.prod.hydra.sophos.com,internet-xdelivery
64.69.223.123,ix-usw2-sp.prod.hydra.sophos.com,internet-xdelivery
64.69.223.124,ix-usw2-sp.prod.hydra.sophos.com,internet-xdelivery
64.69.223.125,ix-usw2-sp.prod.hydra.sophos.com,internet-xdelivery
64.69.223.126,ix-usw2-sp.prod.hydra.sophos.com,internet-xdelivery
64.69.223.127,ix-usw2-sp.prod.hydra.sophos.com,internet-xdelivery
64.69.223.128,cd-usw2-sp.prod.hydra.sophos.com,customer-delivery
64.69.223.129,cd-usw2-sp.prod.hydra.sophos.com,customer-delivery
64.69.223.130,cd-usw2-sp.prod.hydra.sophos.com,customer-delivery
64.69.223.131,cd-usw2-sp.prod.hydra.sophos.com,customer-delivery
64.69.223.132,cd-usw2-sp.prod.hydra.sophos.com,customer-delivery
64.69.223.133,cd-usw2-sp.prod.hydra.sophos.com,customer-delivery
64.69.223.134,cd-usw2-sp.prod.hydra.sophos.com,customer-delivery
64.69.223.135,cd-usw2-sp.prod.hydra.sophos.com,customer-delivery
64.69.223.136,cd-usw2-sp.prod.hydra.sophos.com,customer-delivery
64.69.223.137,cd-usw2-sp.prod.hydra.sophos.com,customer-delivery
64.69.223.138,cd-usw2-sp.prod.hydra.sophos.com,customer-delivery
64.69.223.139,cd-usw2-sp.prod.hydra.sophos.com,customer-delivery
64.69.223.140,cd-usw2-sp.prod.hydra.sophos.com,customer-delivery
64.69.223.141,cd-usw2-sp.prod.hydra.sophos.com,customer-delivery
64.69.223.142,cd-usw2-sp.prod.hydra.sophos.com,customer-delivery
64.69.223.143,cd-usw2-sp.prod.hydra.sophos.com,customer-delivery
64.69.223.144,cd-usw2-sp.prod.hydra.sophos.com,customer-delivery
64.69.223.145,cd-usw2-sp.prod.hydra.sophos.com,customer-delivery
64.69.223.146,cd-usw2-sp.prod.hydra.sophos.com,customer-delivery
64.69.223.147,cd-usw2-sp.prod.hydra.sophos.com,customer-delivery
64.69.223.148,cd-usw2-sp.prod.hydra.sophos.com,customer-delivery
64.69.223.149,cd-usw2-sp.prod.hydra.sophos.com,customer-delivery
64.69.223.150,cd-usw2-sp.prod.hydra.sophos.com,customer-delivery
64.69.223.151,cd-usw2-sp.prod.hydra.sophos.com,customer-delivery
64.69.223.152,cd-usw2-sp.prod.hydra.sophos.com,customer-delivery
64.69.223.153,cd-usw2-sp.prod.hydra.sophos.com,customer-delivery
64.69.223.154,cd-usw2-sp.prod.hydra.sophos.com,customer-delivery
64.69.223.155,cd-usw2-sp.prod.hydra.sophos.com,customer-delivery
64.69.223.156,cd-usw2-sp.prod.hydra.sophos.com,customer-delivery
64.69.223.157,cd-usw2-sp.prod.hydra.sophos.com,customer-delivery
64.69.223.158,cd-usw2-sp.prod.hydra.sophos.com,customer-delivery
64.69.223.159,cd-usw2-sp.prod.hydra.sophos.com,customer-delivery
64.69.223.160,cd-usw2-sp.prod.hydra.sophos.com,customer-delivery
64.69.223.161,cd-usw2-sp.prod.hydra.sophos.com,customer-delivery
64.69.223.162,cd-usw2-sp.prod.hydra.sophos.com,customer-delivery
64.69.223.163,cd-usw2-sp.prod.hydra.sophos.com,customer-delivery
64.69.223.164,cd-usw2-sp.prod.hydra.sophos.com,customer-delivery
64.69.223.165,cd-usw2-sp.prod.hydra.sophos.com,customer-delivery
64.69.223.166,cd-usw2-sp.prod.hydra.sophos.com,customer-delivery
64.69.223.167,cd-usw2-sp.prod.hydra.sophos.com,customer-delivery
64.69.223.168,cd-usw2-sp.prod.hydra.sophos.com,customer-delivery
64.69.223.169,cd-usw2-sp.prod.hydra.sophos.com,customer-delivery
64.69.223.170,cd-usw2-sp.prod.hydra.sophos.com,customer-delivery
64.69.223.171,cd-usw2-sp.prod.hydra.sophos.com,customer-delivery
64.69.223.172,cd-usw2-sp.prod.hydra.sophos.com,customer-delivery
64.69.223.173,cd-usw2-sp.prod.hydra.sophos.com,customer-delivery
64.69.223.174,cd-usw2-sp.prod.hydra.sophos.com,customer-delivery
64.69.223.175,cd-usw2-sp.prod.hydra.sophos.com,customer-delivery
64.69.223.176,cx-usw2-sp.prod.hydra.sophos.com,customer-xdelivery
64.69.223.177,cx-usw2-sp.prod.hydra.sophos.com,customer-xdelivery
64.69.223.178,cx-usw2-sp.prod.hydra.sophos.com,customer-xdelivery
64.69.223.179,cx-usw2-sp.prod.hydra.sophos.com,customer-xdelivery
64.69.223.180,cx-usw2-sp.prod.hydra.sophos.com,customer-xdelivery
64.69.223.181,cx-usw2-sp.prod.hydra.sophos.com,customer-xdelivery
64.69.223.182,cx-usw2-sp.prod.hydra.sophos.com,customer-xdelivery
64.69.223.183,cx-usw2-sp.prod.hydra.sophos.com,customer-xdelivery
64.69.223.184,cx-usw2-sp.prod.hydra.sophos.com,customer-xdelivery
64.69.223.185,cx-usw2-sp.prod.hydra.sophos.com,customer-xdelivery
64.69.223.186,cx-usw2-sp.prod.hydra.sophos.com,customer-xdelivery
64.69.223.187,cx-usw2-sp.prod.hydra.sophos.com,customer-xdelivery
64.69.223.188,cx-usw2-sp.prod.hydra.sophos.com,customer-xdelivery
64.69.223.189,cx-usw2-sp.prod.hydra.sophos.com,customer-xdelivery
64.69.223.190,cx-usw2-sp.prod.hydra.sophos.com,customer-xdelivery
64.69.223.191,cx-usw2-sp.prod.hydra.sophos.com,customer-xdelivery
64.69.223.192,mfid-usw2-sp.prod.hydra.sophos.com,mf-inbound-delivery
64.69.223.193,mfid-usw2-sp.prod.hydra.sophos.com,mf-inbound-delivery
64.69.223.194,mfid-usw2-sp.prod.hydra.sophos.com,mf-inbound-delivery
64.69.223.195,mfid-usw2-sp.prod.hydra.sophos.com,mf-inbound-delivery
64.69.223.196,mfid-usw2-sp.prod.hydra.sophos.com,mf-inbound-delivery
64.69.223.197,mfid-usw2-sp.prod.hydra.sophos.com,mf-inbound-delivery
64.69.223.198,mfid-usw2-sp.prod.hydra.sophos.com,mf-inbound-delivery
64.69.223.199,mfid-usw2-sp.prod.hydra.sophos.com,mf-inbound-delivery
64.69.223.200,mfid-usw2-sp.prod.hydra.sophos.com,mf-inbound-delivery
64.69.223.201,mfid-usw2-sp.prod.hydra.sophos.com,mf-inbound-delivery
64.69.223.202,mfid-usw2-sp.prod.hydra.sophos.com,mf-inbound-delivery
64.69.223.203,mfid-usw2-sp.prod.hydra.sophos.com,mf-inbound-delivery
64.69.223.204,mfid-usw2-sp.prod.hydra.sophos.com,mf-inbound-delivery
64.69.223.205,mfid-usw2-sp.prod.hydra.sophos.com,mf-inbound-delivery
64.69.223.206,mfid-usw2-sp.prod.hydra.sophos.com,mf-inbound-delivery
64.69.223.207,mfid-usw2-sp.prod.hydra.sophos.com,mf-inbound-delivery
64.69.223.208,mfid-usw2-sp.prod.hydra.sophos.com,mf-inbound-delivery
64.69.223.209,mfid-usw2-sp.prod.hydra.sophos.com,mf-inbound-delivery
64.69.223.210,mfid-usw2-sp.prod.hydra.sophos.com,mf-inbound-delivery
64.69.223.211,mfid-usw2-sp.prod.hydra.sophos.com,mf-inbound-delivery
64.69.223.212,mfid-usw2-sp.prod.hydra.sophos.com,mf-inbound-delivery
64.69.223.213,mfid-usw2-sp.prod.hydra.sophos.com,mf-inbound-delivery
64.69.223.214,mfid-usw2-sp.prod.hydra.sophos.com,mf-inbound-delivery
64.69.223.215,mfid-usw2-sp.prod.hydra.sophos.com,mf-inbound-delivery
64.69.223.216,mfix-usw2-sp.prod.hydra.sophos.com,mf-inbound-xdelivery
64.69.223.217,mfix-usw2-sp.prod.hydra.sophos.com,mf-inbound-xdelivery
64.69.223.218,mfix-usw2-sp.prod.hydra.sophos.com,mf-inbound-xdelivery
64.69.223.219,mfix-usw2-sp.prod.hydra.sophos.com,mf-inbound-xdelivery
64.69.223.220,mfix-usw2-sp.prod.hydra.sophos.com,mf-inbound-xdelivery
64.69.223.221,mfix-usw2-sp.prod.hydra.sophos.com,mf-inbound-xdelivery
64.69.223.222,mfix-usw2-sp.prod.hydra.sophos.com,mf-inbound-xdelivery
64.69.223.223,mfix-usw2-sp.prod.hydra.sophos.com,mf-inbound-xdelivery
64.69.223.224,mfod-usw2-sp.prod.hydra.sophos.com,mf-outbound-delivery
64.69.223.225,mfod-usw2-sp.prod.hydra.sophos.com,mf-outbound-delivery
64.69.223.226,mfod-usw2-sp.prod.hydra.sophos.com,mf-outbound-delivery
64.69.223.227,mfod-usw2-sp.prod.hydra.sophos.com,mf-outbound-delivery
64.69.223.228,mfod-usw2-sp.prod.hydra.sophos.com,mf-outbound-delivery
64.69.223.229,mfod-usw2-sp.prod.hydra.sophos.com,mf-outbound-delivery
64.69.223.230,mfod-usw2-sp.prod.hydra.sophos.com,mf-outbound-delivery
64.69.223.231,mfod-usw2-sp.prod.hydra.sophos.com,mf-outbound-delivery
64.69.223.232,mfod-usw2-sp.prod.hydra.sophos.com,mf-outbound-delivery
64.69.223.233,mfod-usw2-sp.prod.hydra.sophos.com,mf-outbound-delivery
64.69.223.234,mfod-usw2-sp.prod.hydra.sophos.com,mf-outbound-delivery
64.69.223.235,mfod-usw2-sp.prod.hydra.sophos.com,mf-outbound-delivery
64.69.223.236,mfod-usw2-sp.prod.hydra.sophos.com,mf-outbound-delivery
64.69.223.237,mfod-usw2-sp.prod.hydra.sophos.com,mf-outbound-delivery
64.69.223.238,mfod-usw2-sp.prod.hydra.sophos.com,mf-outbound-delivery
64.69.223.239,mfod-usw2-sp.prod.hydra.sophos.com,mf-outbound-delivery
64.69.223.240,mfod-usw2-sp.prod.hydra.sophos.com,mf-outbound-delivery
64.69.223.241,mfod-usw2-sp.prod.hydra.sophos.com,mf-outbound-delivery
64.69.223.242,mfod-usw2-sp.prod.hydra.sophos.com,mf-outbound-delivery
64.69.223.243,mfod-usw2-sp.prod.hydra.sophos.com,mf-outbound-delivery
64.69.223.244,mfod-usw2-sp.prod.hydra.sophos.com,mf-outbound-delivery
64.69.223.245,mfod-usw2-sp.prod.hydra.sophos.com,mf-outbound-delivery
64.69.223.246,mfod-usw2-sp.prod.hydra.sophos.com,mf-outbound-delivery
64.69.223.247,mfod-usw2-sp.prod.hydra.sophos.com,mf-outbound-delivery
64.69.223.248,mfox-usw2-sp.prod.hydra.sophos.com,mf-outbound-xdelivery
64.69.223.249,mfox-usw2-sp.prod.hydra.sophos.com,mf-outbound-xdelivery
64.69.223.250,mfox-usw2-sp.prod.hydra.sophos.com,mf-outbound-xdelivery
64.69.223.251,mfox-usw2-sp.prod.hydra.sophos.com,mf-outbound-xdelivery
64.69.223.252,mfox-usw2-sp.prod.hydra.sophos.com,mf-outbound-xdelivery
64.69.223.253,mfox-usw2-sp.prod.hydra.sophos.com,mf-outbound-xdelivery
64.69.223.254,mfox-usw2-sp.prod.hydra.sophos.com,mf-outbound-xdelivery
64.69.223.255,mfox-usw2-sp.prod.hydra.sophos.com,mf-outbound-xdelivery