85.113.84.0,dd-use2-sp.prod.hydra.sophos.com,delta-delivery
85.113.84.1,dd-use2-sp.prod.hydra.sophos.com,delta-delivery
85.113.84.2,dd-use2-sp.prod.hydra.sophos.com,delta-delivery
85.113.84.3,dd-use2-sp.prod.hydra.sophos.com,delta-delivery
85.113.84.4,dd-use2-sp.prod.hydra.sophos.com,delta-delivery
85.113.84.5,dd-use2-sp.prod.hydra.sophos.com,delta-delivery
85.113.84.6,dd-use2-sp.prod.hydra.sophos.com,delta-delivery
85.113.84.7,dd-use2-sp.prod.hydra.sophos.com,delta-delivery
85.113.84.8,dd-use2-sp.prod.hydra.sophos.com,delta-delivery
85.113.84.9,dd-use2-sp.prod.hydra.sophos.com,delta-delivery
85.113.84.10,dd-use2-sp.prod.hydra.sophos.com,delta-delivery
85.113.84.11,dd-use2-sp.prod.hydra.sophos.com,delta-delivery
85.113.84.12,dd-use2-sp.prod.hydra.sophos.com,delta-delivery
85.113.84.13,dd-use2-sp.prod.hydra.sophos.com,delta-delivery
85.113.84.14,dd-use2-sp.prod.hydra.sophos.com,delta-delivery
85.113.84.15,dd-use2-sp.prod.hydra.sophos.com,delta-delivery
85.113.84.16,dd-use2-sp.prod.hydra.sophos.com,delta-delivery
85.113.84.17,dd-use2-sp.prod.hydra.sophos.com,delta-delivery
85.113.84.18,dd-use2-sp.prod.hydra.sophos.com,delta-delivery
85.113.84.19,dd-use2-sp.prod.hydra.sophos.com,delta-delivery
85.113.84.20,dd-use2-sp.prod.hydra.sophos.com,delta-delivery
85.113.84.21,dd-use2-sp.prod.hydra.sophos.com,delta-delivery
85.113.84.22,dd-use2-sp.prod.hydra.sophos.com,delta-delivery
85.113.84.23,dd-use2-sp.prod.hydra.sophos.com,delta-delivery
85.113.84.24,dd-use2-sp.prod.hydra.sophos.com,delta-delivery
85.113.84.25,dd-use2-sp.prod.hydra.sophos.com,delta-delivery
85.113.84.26,dx-use2-sp.prod.hydra.sophos.com,delta-xdelivery
85.113.84.27,dx-use2-sp.prod.hydra.sophos.com,delta-xdelivery
85.113.84.28,dx-use2-sp.prod.hydra.sophos.com,delta-xdelivery
85.113.84.29,dx-use2-sp.prod.hydra.sophos.com,delta-xdelivery
85.113.84.30,dx-use2-sp.prod.hydra.sophos.com,delta-xdelivery
85.113.84.31,dx-use2-sp.prod.hydra.sophos.com,delta-xdelivery
85.113.84.32,spare-use2-sp.prod.hydra.sophos.com,spare
85.113.84.33,spare-use2-sp.prod.hydra.sophos.com,spare
85.113.84.34,spare-use2-sp.prod.hydra.sophos.com,spare
85.113.84.35,spare-use2-sp.prod.hydra.sophos.com,spare
85.113.84.36,spare-use2-sp.prod.hydra.sophos.com,spare
85.113.84.37,spare-use2-sp.prod.hydra.sophos.com,spare
85.113.84.38,spare-use2-sp.prod.hydra.sophos.com,spare
85.113.84.39,spare-use2-sp.prod.hydra.sophos.com,spare
85.113.84.40,spare-use2-sp.prod.hydra.sophos.com,spare
85.113.84.41,spare-use2-sp.prod.hydra.sophos.com,spare
85.113.84.42,spare-use2-sp.prod.hydra.sophos.com,spare
85.113.84.43,spare-use2-sp.prod.hydra.sophos.com,spare
85.113.84.44,spare-use2-sp.prod.hydra.sophos.com,spare
85.113.84.45,spare-use2-sp.prod.hydra.sophos.com,spare
85.113.84.46,spare-use2-sp.prod.hydra.sophos.com,spare
85.113.84.47,spare-use2-sp.prod.hydra.sophos.com,spare
85.113.84.48,spare-use2-sp.prod.hydra.sophos.com,spare
85.113.84.49,spare-use2-sp.prod.hydra.sophos.com,spare
85.113.84.50,spare-use2-sp.prod.hydra.sophos.com,spare
85.113.84.51,spare-use2-sp.prod.hydra.sophos.com,spare
85.113.84.52,spare-use2-sp.prod.hydra.sophos.com,spare
85.113.84.53,spare-use2-sp.prod.hydra.sophos.com,spare
85.113.84.54,spare-use2-sp.prod.hydra.sophos.com,spare
85.113.84.55,spare-use2-sp.prod.hydra.sophos.com,spare
85.113.84.56,spare-use2-sp.prod.hydra.sophos.com,spare
85.113.84.57,spare-use2-sp.prod.hydra.sophos.com,spare
85.113.84.58,spare-use2-sp.prod.hydra.sophos.com,spare
85.113.84.59,spare-use2-sp.prod.hydra.sophos.com,spare
85.113.84.60,spare-use2-sp.prod.hydra.sophos.com,spare
85.113.84.61,spare-use2-sp.prod.hydra.sophos.com,spare
85.113.84.62,spare-use2-sp.prod.hydra.sophos.com,spare
85.113.84.63,spare-use2-sp.prod.hydra.sophos.com,spare
85.113.84.64,id-use2-sp.prod.hydra.sophos.com,internet-delivery
85.113.84.65,id-use2-sp.prod.hydra.sophos.com,internet-delivery
85.113.84.66,id-use2-sp.prod.hydra.sophos.com,internet-delivery
85.113.84.67,id-use2-sp.prod.hydra.sophos.com,internet-delivery
85.113.84.68,id-use2-sp.prod.hydra.sophos.com,internet-delivery
85.113.84.69,id-use2-sp.prod.hydra.sophos.com,internet-delivery
85.113.84.70,id-use2-sp.prod.hydra.sophos.com,internet-delivery
85.113.84.71,id-use2-sp.prod.hydra.sophos.com,internet-delivery
85.113.84.72,id-use2-sp.prod.hydra.sophos.com,internet-delivery
85.113.84.73,id-use2-sp.prod.hydra.sophos.com,internet-delivery
85.113.84.74,id-use2-sp.prod.hydra.sophos.com,internet-delivery
85.113.84.75,id-use2-sp.prod.hydra.sophos.com,internet-delivery
85.113.84.76,id-use2-sp.prod.hydra.sophos.com,internet-delivery
85.113.84.77,id-use2-sp.prod.hydra.sophos.com,internet-delivery
85.113.84.78,id-use2-sp.prod.hydra.sophos.com,internet-delivery
85.113.84.79,id-use2-sp.prod.hydra.sophos.com,internet-delivery
85.113.84.80,id-use2-sp.prod.hydra.sophos.com,internet-delivery
85.113.84.81,id-use2-sp.prod.hydra.sophos.com,internet-delivery
85.113.84.82,id-use2-sp.prod.hydra.sophos.com,internet-delivery
85.113.84.83,id-use2-sp.prod.hydra.sophos.com,internet-delivery
85.113.84.84,id-use2-sp.prod.hydra.sophos.com,internet-delivery
85.113.84.85,id-use2-sp.prod.hydra.sophos.com,internet-delivery
85.113.84.86,id-use2-sp.prod.hydra.sophos.com,internet-delivery
85.113.84.87,id-use2-sp.prod.hydra.sophos.com,internet-delivery
85.113.84.88,id-use2-sp.prod.hydra.sophos.com,internet-delivery
85.113.84.89,id-use2-sp.prod.hydra.sophos.com,internet-delivery
85.113.84.90,id-use2-sp.prod.hydra.sophos.com,internet-delivery
85.113.84.91,id-use2-sp.prod.hydra.sophos.com,internet-delivery
85.113.84.92,id-use2-sp.prod.hydra.sophos.com,internet-delivery
85.113.84.93,id-use2-sp.prod.hydra.sophos.com,internet-delivery
85.113.84.94,id-use2-sp.prod.hydra.sophos.com,internet-delivery
85.113.84.95,id-use2-sp.prod.hydra.sophos.com,internet-delivery
85.113.84.96,id-use2-sp.prod.hydra.sophos.com,internet-delivery
85.113.84.97,id-use2-sp.prod.hydra.sophos.com,internet-delivery
85.113.84.98,id-use2-sp.prod.hydra.sophos.com,internet-delivery
85.113.84.99,id-use2-sp.prod.hydra.sophos.com,internet-delivery
85.113.84.100,id-use2-sp.prod.hydra.sophos.com,internet-delivery
85.113.84.101,id-use2-sp.prod.hydra.sophos.com,internet-delivery
85.113.84.102,id-use2-sp.prod.hydra.sophos.com,internet-delivery
85.113.84.103,id-use2-sp.prod.hydra.sophos.com,internet-delivery
85.113.84.104,id-use2-sp.prod.hydra.sophos.com,internet-delivery
85.113.84.105,id-use2-sp.prod.hydra.sophos.com,internet-delivery
85.113.84.106,id-use2-sp.prod.hydra.sophos.com,internet-delivery
85.113.84.107,id-use2-sp.prod.hydra.sophos.com,internet-delivery
85.113.84.108,id-use2-sp.prod.hydra.sophos.com,internet-delivery
85.113.84.109,id-use2-sp.prod.hydra.sophos.com,internet-delivery
85.113.84.110,id-use2-sp.prod.hydra.sophos.com,internet-delivery
85.113.84.111,id-use2-sp.prod.hydra.sophos.com,internet-delivery
85.113.84.112,ix-use2-sp.prod.hydra.sophos.com,internet-xdelivery
85.113.84.113,ix-use2-sp.prod.hydra.sophos.com,internet-xdelivery
85.113.84.114,ix-use2-sp.prod.hydra.sophos.com,internet-xdelivery
85.113.84.115,ix-use2-sp.prod.hydra.sophos.com,internet-xdelivery
85.113.84.116,ix-use2-sp.prod.hydra.sophos.com,internet-xdelivery
85.113.84.117,ix-use2-sp.prod.hydra.sophos.com,internet-xdelivery
85.113.84.118,ix-use2-sp.prod.hydra.sophos.com,internet-xdelivery
85.113.84.119,ix-use2-sp.prod.hydra.sophos.com,internet-xdelivery
85.113.84.120,ix-use2-sp.prod.hydra.sophos.com,internet-xdelivery
85.113.84.121,ix-use2-sp.prod.hydra.sophos.com,internet-xdelivery
85.113.84.122,ix-use2-sp.prod.hydra.sophos.com,internet-xdelivery
85.113.84.123,ix-use2-sp.prod.hydra.sophos.com,internet-xdelivery
85.113.84.124,ix-use2-sp.prod.hydra.sophos.com,internet-xdelivery
85.113.84.125,ix-use2-sp.prod.hydra.sophos.com,internet-xdelivery
85.113.84.126,ix-use2-sp.prod.hydra.sophos.com,internet-xdelivery
85.113.84.127,ix-use2-sp.prod.hydra.sophos.com,internet-xdelivery
85.113.84.128,cd-use2-sp.prod.hydra.sophos.com,customer-delivery
85.113.84.129,cd-use2-sp.prod.hydra.sophos.com,customer-delivery
85.113.84.130,cd-use2-sp.prod.hydra.sophos.com,customer-delivery
85.113.84.131,cd-use2-sp.prod.hydra.sophos.com,customer-delivery
85.113.84.132,cd-use2-sp.prod.hydra.sophos.com,customer-delivery
85.113.84.133,cd-use2-sp.prod.hydra.sophos.com,customer-delivery
85.113.84.134,cd-use2-sp.prod.hydra.sophos.com,customer-delivery
85.113.84.135,cd-use2-sp.prod.hydra.sophos.com,customer-delivery
85.113.84.136,cd-use2-sp.prod.hydra.sophos.com,customer-delivery
85.113.84.137,cd-use2-sp.prod.hydra.sophos.com,customer-delivery
85.113.84.138,cd-use2-sp.prod.hydra.sophos.com,customer-delivery
85.113.84.139,cd-use2-sp.prod.hydra.sophos.com,customer-delivery
85.113.84.140,cd-use2-sp.prod.hydra.sophos.com,customer-delivery
85.113.84.141,cd-use2-sp.prod.hydra.sophos.com,customer-delivery
85.113.84.142,cd-use2-sp.prod.hydra.sophos.com,customer-delivery
85.113.84.143,cd-use2-sp.prod.hydra.sophos.com,customer-delivery
85.113.84.144,cd-use2-sp.prod.hydra.sophos.com,customer-delivery
85.113.84.145,cd-use2-sp.prod.hydra.sophos.com,customer-delivery
85.113.84.146,cd-use2-sp.prod.hydra.sophos.com,customer-delivery
85.113.84.147,cd-use2-sp.prod.hydra.sophos.com,customer-delivery
85.113.84.148,cd-use2-sp.prod.hydra.sophos.com,customer-delivery
85.113.84.149,cd-use2-sp.prod.hydra.sophos.com,customer-delivery
85.113.84.150,cd-use2-sp.prod.hydra.sophos.com,customer-delivery
85.113.84.151,cd-use2-sp.prod.hydra.sophos.com,customer-delivery
85.113.84.152,cd-use2-sp.prod.hydra.sophos.com,customer-delivery
85.113.84.153,cd-use2-sp.prod.hydra.sophos.com,customer-delivery
85.113.84.154,cd-use2-sp.prod.hydra.sophos.com,customer-delivery
85.113.84.155,cd-use2-sp.prod.hydra.sophos.com,customer-delivery
85.113.84.156,cd-use2-sp.prod.hydra.sophos.com,customer-delivery
85.113.84.157,cd-use2-sp.prod.hydra.sophos.com,customer-delivery
85.113.84.158,cd-use2-sp.prod.hydra.sophos.com,customer-delivery
85.113.84.159,cd-use2-sp.prod.hydra.sophos.com,customer-delivery
85.113.84.160,cd-use2-sp.prod.hydra.sophos.com,customer-delivery
85.113.84.161,cd-use2-sp.prod.hydra.sophos.com,customer-delivery
85.113.84.162,cd-use2-sp.prod.hydra.sophos.com,customer-delivery
85.113.84.163,cd-use2-sp.prod.hydra.sophos.com,customer-delivery
85.113.84.164,cd-use2-sp.prod.hydra.sophos.com,customer-delivery
85.113.84.165,cd-use2-sp.prod.hydra.sophos.com,customer-delivery
85.113.84.166,cd-use2-sp.prod.hydra.sophos.com,customer-delivery
85.113.84.167,cd-use2-sp.prod.hydra.sophos.com,customer-delivery
85.113.84.168,cd-use2-sp.prod.hydra.sophos.com,customer-delivery
85.113.84.169,cd-use2-sp.prod.hydra.sophos.com,customer-delivery
85.113.84.170,cd-use2-sp.prod.hydra.sophos.com,customer-delivery
85.113.84.171,cd-use2-sp.prod.hydra.sophos.com,customer-delivery
85.113.84.172,cd-use2-sp.prod.hydra.sophos.com,customer-delivery
85.113.84.173,cd-use2-sp.prod.hydra.sophos.com,customer-delivery
85.113.84.174,cd-use2-sp.prod.hydra.sophos.com,customer-delivery
85.113.84.175,cd-use2-sp.prod.hydra.sophos.com,customer-delivery
85.113.84.176,cx-use2-sp.prod.hydra.sophos.com,customer-xdelivery
85.113.84.177,cx-use2-sp.prod.hydra.sophos.com,customer-xdelivery
85.113.84.178,cx-use2-sp.prod.hydra.sophos.com,customer-xdelivery
85.113.84.179,cx-use2-sp.prod.hydra.sophos.com,customer-xdelivery
85.113.84.180,cx-use2-sp.prod.hydra.sophos.com,customer-xdelivery
85.113.84.181,cx-use2-sp.prod.hydra.sophos.com,customer-xdelivery
85.113.84.182,cx-use2-sp.prod.hydra.sophos.com,customer-xdelivery
85.113.84.183,cx-use2-sp.prod.hydra.sophos.com,customer-xdelivery
85.113.84.184,cx-use2-sp.prod.hydra.sophos.com,customer-xdelivery
85.113.84.185,cx-use2-sp.prod.hydra.sophos.com,customer-xdelivery
85.113.84.186,cx-use2-sp.prod.hydra.sophos.com,customer-xdelivery
85.113.84.187,cx-use2-sp.prod.hydra.sophos.com,customer-xdelivery
85.113.84.188,cx-use2-sp.prod.hydra.sophos.com,customer-xdelivery
85.113.84.189,cx-use2-sp.prod.hydra.sophos.com,customer-xdelivery
85.113.84.190,cx-use2-sp.prod.hydra.sophos.com,customer-xdelivery
85.113.84.191,cx-use2-sp.prod.hydra.sophos.com,customer-xdelivery
85.113.84.192,mfid-use2-sp.prod.hydra.sophos.com,mf-inbound-delivery
85.113.84.193,mfid-use2-sp.prod.hydra.sophos.com,mf-inbound-delivery
85.113.84.194,mfid-use2-sp.prod.hydra.sophos.com,mf-inbound-delivery
85.113.84.195,mfid-use2-sp.prod.hydra.sophos.com,mf-inbound-delivery
85.113.84.196,mfid-use2-sp.prod.hydra.sophos.com,mf-inbound-delivery
85.113.84.197,mfid-use2-sp.prod.hydra.sophos.com,mf-inbound-delivery
85.113.84.198,mfid-use2-sp.prod.hydra.sophos.com,mf-inbound-delivery
85.113.84.199,mfid-use2-sp.prod.hydra.sophos.com,mf-inbound-delivery
85.113.84.200,mfid-use2-sp.prod.hydra.sophos.com,mf-inbound-delivery
85.113.84.201,mfid-use2-sp.prod.hydra.sophos.com,mf-inbound-delivery
85.113.84.202,mfid-use2-sp.prod.hydra.sophos.com,mf-inbound-delivery
85.113.84.203,mfid-use2-sp.prod.hydra.sophos.com,mf-inbound-delivery
85.113.84.204,mfid-use2-sp.prod.hydra.sophos.com,mf-inbound-delivery
85.113.84.205,mfid-use2-sp.prod.hydra.sophos.com,mf-inbound-delivery
85.113.84.206,mfid-use2-sp.prod.hydra.sophos.com,mf-inbound-delivery
85.113.84.207,mfid-use2-sp.prod.hydra.sophos.com,mf-inbound-delivery
85.113.84.208,mfid-use2-sp.prod.hydra.sophos.com,mf-inbound-delivery
85.113.84.209,mfid-use2-sp.prod.hydra.sophos.com,mf-inbound-delivery
85.113.84.210,mfid-use2-sp.prod.hydra.sophos.com,mf-inbound-delivery
85.113.84.211,mfid-use2-sp.prod.hydra.sophos.com,mf-inbound-delivery
85.113.84.212,mfid-use2-sp.prod.hydra.sophos.com,mf-inbound-delivery
85.113.84.213,mfid-use2-sp.prod.hydra.sophos.com,mf-inbound-delivery
85.113.84.214,mfid-use2-sp.prod.hydra.sophos.com,mf-inbound-delivery
85.113.84.215,mfid-use2-sp.prod.hydra.sophos.com,mf-inbound-delivery
85.113.84.216,mfix-use2-sp.prod.hydra.sophos.com,mf-inbound-xdelivery
85.113.84.217,mfix-use2-sp.prod.hydra.sophos.com,mf-inbound-xdelivery
85.113.84.218,mfix-use2-sp.prod.hydra.sophos.com,mf-inbound-xdelivery
85.113.84.219,mfix-use2-sp.prod.hydra.sophos.com,mf-inbound-xdelivery
85.113.84.220,mfix-use2-sp.prod.hydra.sophos.com,mf-inbound-xdelivery
85.113.84.221,mfix-use2-sp.prod.hydra.sophos.com,mf-inbound-xdelivery
85.113.84.222,mfix-use2-sp.prod.hydra.sophos.com,mf-inbound-xdelivery
85.113.84.223,mfix-use2-sp.prod.hydra.sophos.com,mf-inbound-xdelivery
85.113.84.224,mfod-use2-sp.prod.hydra.sophos.com,mf-outbound-delivery
85.113.84.225,mfod-use2-sp.prod.hydra.sophos.com,mf-outbound-delivery
85.113.84.226,mfod-use2-sp.prod.hydra.sophos.com,mf-outbound-delivery
85.113.84.227,mfod-use2-sp.prod.hydra.sophos.com,mf-outbound-delivery
85.113.84.228,mfod-use2-sp.prod.hydra.sophos.com,mf-outbound-delivery
85.113.84.229,mfod-use2-sp.prod.hydra.sophos.com,mf-outbound-delivery
85.113.84.230,mfod-use2-sp.prod.hydra.sophos.com,mf-outbound-delivery
85.113.84.231,mfod-use2-sp.prod.hydra.sophos.com,mf-outbound-delivery
85.113.84.232,mfod-use2-sp.prod.hydra.sophos.com,mf-outbound-delivery
85.113.84.233,mfod-use2-sp.prod.hydra.sophos.com,mf-outbound-delivery
85.113.84.234,mfod-use2-sp.prod.hydra.sophos.com,mf-outbound-delivery
85.113.84.235,mfod-use2-sp.prod.hydra.sophos.com,mf-outbound-delivery
85.113.84.236,mfod-use2-sp.prod.hydra.sophos.com,mf-outbound-delivery
85.113.84.237,mfod-use2-sp.prod.hydra.sophos.com,mf-outbound-delivery
85.113.84.238,mfod-use2-sp.prod.hydra.sophos.com,mf-outbound-delivery
85.113.84.239,mfod-use2-sp.prod.hydra.sophos.com,mf-outbound-delivery
85.113.84.240,mfod-use2-sp.prod.hydra.sophos.com,mf-outbound-delivery
85.113.84.241,mfod-use2-sp.prod.hydra.sophos.com,mf-outbound-delivery
85.113.84.242,mfod-use2-sp.prod.hydra.sophos.com,mf-outbound-delivery
85.113.84.243,mfod-use2-sp.prod.hydra.sophos.com,mf-outbound-delivery
85.113.84.244,mfod-use2-sp.prod.hydra.sophos.com,mf-outbound-delivery
85.113.84.245,mfod-use2-sp.prod.hydra.sophos.com,mf-outbound-delivery
85.113.84.246,mfod-use2-sp.prod.hydra.sophos.com,mf-outbound-delivery
85.113.84.247,mfod-use2-sp.prod.hydra.sophos.com,mf-outbound-delivery
85.113.84.248,mfox-use2-sp.prod.hydra.sophos.com,mf-outbound-xdelivery
85.113.84.249,mfox-use2-sp.prod.hydra.sophos.com,mf-outbound-xdelivery
85.113.84.250,mfox-use2-sp.prod.hydra.sophos.com,mf-outbound-xdelivery
85.113.84.251,mfox-use2-sp.prod.hydra.sophos.com,mf-outbound-xdelivery
85.113.84.252,mfox-use2-sp.prod.hydra.sophos.com,mf-outbound-xdelivery
85.113.84.253,mfox-use2-sp.prod.hydra.sophos.com,mf-outbound-xdelivery
85.113.84.254,mfox-use2-sp.prod.hydra.sophos.com,mf-outbound-xdelivery
85.113.84.255,mfox-use2-sp.prod.hydra.sophos.com,mf-outbound-xdelivery