198.154.181.0,dd-usw2.prod.hydra.sophos.com,delta-delivery
198.154.181.1,dd-usw2.prod.hydra.sophos.com,delta-delivery
198.154.181.2,dd-usw2.prod.hydra.sophos.com,delta-delivery
198.154.181.3,dd-usw2.prod.hydra.sophos.com,delta-delivery
198.154.181.4,dd-usw2.prod.hydra.sophos.com,delta-delivery
198.154.181.5,dd-usw2.prod.hydra.sophos.com,delta-delivery
198.154.181.6,dd-usw2.prod.hydra.sophos.com,delta-delivery
198.154.181.7,dd-usw2.prod.hydra.sophos.com,delta-delivery
198.154.181.8,dd-usw2.prod.hydra.sophos.com,delta-delivery
198.154.181.9,dd-usw2.prod.hydra.sophos.com,delta-delivery
198.154.181.10,dd-usw2.prod.hydra.sophos.com,delta-delivery
198.154.181.11,dd-usw2.prod.hydra.sophos.com,delta-delivery
198.154.181.12,dd-usw2.prod.hydra.sophos.com,delta-delivery
198.154.181.13,dd-usw2.prod.hydra.sophos.com,delta-delivery
198.154.181.14,dd-usw2.prod.hydra.sophos.com,delta-delivery
198.154.181.15,dd-usw2.prod.hydra.sophos.com,delta-delivery
198.154.181.16,dd-usw2.prod.hydra.sophos.com,delta-delivery
198.154.181.17,dd-usw2.prod.hydra.sophos.com,delta-delivery
198.154.181.18,dd-usw2.prod.hydra.sophos.com,delta-delivery
198.154.181.19,dd-usw2.prod.hydra.sophos.com,delta-delivery
198.154.181.20,dd-usw2.prod.hydra.sophos.com,delta-delivery
198.154.181.21,dd-usw2.prod.hydra.sophos.com,delta-delivery
198.154.181.22,dd-usw2.prod.hydra.sophos.com,delta-delivery
198.154.181.23,dd-usw2.prod.hydra.sophos.com,delta-delivery
198.154.181.24,dd-usw2.prod.hydra.sophos.com,delta-delivery
198.154.181.25,dd-usw2.prod.hydra.sophos.com,delta-delivery
198.154.181.26,dx-usw2.prod.hydra.sophos.com,delta-xdelivery
198.154.181.27,dx-usw2.prod.hydra.sophos.com,delta-xdelivery
198.154.181.28,dx-usw2.prod.hydra.sophos.com,delta-xdelivery
198.154.181.29,dx-usw2.prod.hydra.sophos.com,delta-xdelivery
198.154.181.30,dx-usw2.prod.hydra.sophos.com,delta-xdelivery
198.154.181.31,dx-usw2.prod.hydra.sophos.com,delta-xdelivery
198.154.181.32,spare-usw2.prod.hydra.sophos.com,spare
198.154.181.33,spare-usw2.prod.hydra.sophos.com,spare
198.154.181.34,spare-usw2.prod.hydra.sophos.com,spare
198.154.181.35,spare-usw2.prod.hydra.sophos.com,spare
198.154.181.36,spare-usw2.prod.hydra.sophos.com,spare
198.154.181.37,spare-usw2.prod.hydra.sophos.com,spare
198.154.181.38,spare-usw2.prod.hydra.sophos.com,spare
198.154.181.39,spare-usw2.prod.hydra.sophos.com,spare
198.154.181.40,spare-usw2.prod.hydra.sophos.com,spare
198.154.181.41,spare-usw2.prod.hydra.sophos.com,spare
198.154.181.42,spare-usw2.prod.hydra.sophos.com,spare
198.154.181.43,spare-usw2.prod.hydra.sophos.com,spare
198.154.181.44,spare-usw2.prod.hydra.sophos.com,spare
198.154.181.45,spare-usw2.prod.hydra.sophos.com,spare
198.154.181.46,spare-usw2.prod.hydra.sophos.com,spare
198.154.181.47,spare-usw2.prod.hydra.sophos.com,spare
198.154.181.48,spare-usw2.prod.hydra.sophos.com,spare
198.154.181.49,spare-usw2.prod.hydra.sophos.com,spare
198.154.181.50,spare-usw2.prod.hydra.sophos.com,spare
198.154.181.51,spare-usw2.prod.hydra.sophos.com,spare
198.154.181.52,spare-usw2.prod.hydra.sophos.com,spare
198.154.181.53,spare-usw2.prod.hydra.sophos.com,spare
198.154.181.54,spare-usw2.prod.hydra.sophos.com,spare
198.154.181.55,spare-usw2.prod.hydra.sophos.com,spare
198.154.181.56,spare-usw2.prod.hydra.sophos.com,spare
198.154.181.57,spare-usw2.prod.hydra.sophos.com,spare
198.154.181.58,spare-usw2.prod.hydra.sophos.com,spare
198.154.181.59,spare-usw2.prod.hydra.sophos.com,spare
198.154.181.60,spare-usw2.prod.hydra.sophos.com,spare
198.154.181.61,spare-usw2.prod.hydra.sophos.com,spare
198.154.181.62,spare-usw2.prod.hydra.sophos.com,spare
198.154.181.63,spare-usw2.prod.hydra.sophos.com,spare
198.154.181.64,id-usw2.prod.hydra.sophos.com,internet-delivery
198.154.181.65,id-usw2.prod.hydra.sophos.com,internet-delivery
198.154.181.66,id-usw2.prod.hydra.sophos.com,internet-delivery
198.154.181.67,id-usw2.prod.hydra.sophos.com,internet-delivery
198.154.181.68,id-usw2.prod.hydra.sophos.com,internet-delivery
198.154.181.69,id-usw2.prod.hydra.sophos.com,internet-delivery
198.154.181.70,id-usw2.prod.hydra.sophos.com,internet-delivery
198.154.181.71,id-usw2.prod.hydra.sophos.com,internet-delivery
198.154.181.72,id-usw2.prod.hydra.sophos.com,internet-delivery
198.154.181.73,id-usw2.prod.hydra.sophos.com,internet-delivery
198.154.181.74,id-usw2.prod.hydra.sophos.com,internet-delivery
198.154.181.75,id-usw2.prod.hydra.sophos.com,internet-delivery
198.154.181.76,id-usw2.prod.hydra.sophos.com,internet-delivery
198.154.181.77,id-usw2.prod.hydra.sophos.com,internet-delivery
198.154.181.78,id-usw2.prod.hydra.sophos.com,internet-delivery
198.154.181.79,id-usw2.prod.hydra.sophos.com,internet-delivery
198.154.181.80,id-usw2.prod.hydra.sophos.com,internet-delivery
198.154.181.81,id-usw2.prod.hydra.sophos.com,internet-delivery
198.154.181.82,id-usw2.prod.hydra.sophos.com,internet-delivery
198.154.181.83,id-usw2.prod.hydra.sophos.com,internet-delivery
198.154.181.84,id-usw2.prod.hydra.sophos.com,internet-delivery
198.154.181.85,id-usw2.prod.hydra.sophos.com,internet-delivery
198.154.181.86,id-usw2.prod.hydra.sophos.com,internet-delivery
198.154.181.87,id-usw2.prod.hydra.sophos.com,internet-delivery
198.154.181.88,id-usw2.prod.hydra.sophos.com,internet-delivery
198.154.181.89,id-usw2.prod.hydra.sophos.com,internet-delivery
198.154.181.90,id-usw2.prod.hydra.sophos.com,internet-delivery
198.154.181.91,id-usw2.prod.hydra.sophos.com,internet-delivery
198.154.181.92,id-usw2.prod.hydra.sophos.com,internet-delivery
198.154.181.93,id-usw2.prod.hydra.sophos.com,internet-delivery
198.154.181.94,id-usw2.prod.hydra.sophos.com,internet-delivery
198.154.181.95,id-usw2.prod.hydra.sophos.com,internet-delivery
198.154.181.96,id-usw2.prod.hydra.sophos.com,internet-delivery
198.154.181.97,id-usw2.prod.hydra.sophos.com,internet-delivery
198.154.181.98,id-usw2.prod.hydra.sophos.com,internet-delivery
198.154.181.99,id-usw2.prod.hydra.sophos.com,internet-delivery
198.154.181.100,id-usw2.prod.hydra.sophos.com,internet-delivery
198.154.181.101,id-usw2.prod.hydra.sophos.com,internet-delivery
198.154.181.102,id-usw2.prod.hydra.sophos.com,internet-delivery
198.154.181.103,id-usw2.prod.hydra.sophos.com,internet-delivery
198.154.181.104,id-usw2.prod.hydra.sophos.com,internet-delivery
198.154.181.105,id-usw2.prod.hydra.sophos.com,internet-delivery
198.154.181.106,id-usw2.prod.hydra.sophos.com,internet-delivery
198.154.181.107,id-usw2.prod.hydra.sophos.com,internet-delivery
198.154.181.108,id-usw2.prod.hydra.sophos.com,internet-delivery
198.154.181.109,id-usw2.prod.hydra.sophos.com,internet-delivery
198.154.181.110,id-usw2.prod.hydra.sophos.com,internet-delivery
198.154.181.111,id-usw2.prod.hydra.sophos.com,internet-delivery
198.154.181.112,ix-usw2.prod.hydra.sophos.com,internet-xdelivery
198.154.181.113,ix-usw2.prod.hydra.sophos.com,internet-xdelivery
198.154.181.114,ix-usw2.prod.hydra.sophos.com,internet-xdelivery
198.154.181.115,ix-usw2.prod.hydra.sophos.com,internet-xdelivery
198.154.181.116,ix-usw2.prod.hydra.sophos.com,internet-xdelivery
198.154.181.117,ix-usw2.prod.hydra.sophos.com,internet-xdelivery
198.154.181.118,ix-usw2.prod.hydra.sophos.com,internet-xdelivery
198.154.181.119,ix-usw2.prod.hydra.sophos.com,internet-xdelivery
198.154.181.120,ix-usw2.prod.hydra.sophos.com,internet-xdelivery
198.154.181.121,ix-usw2.prod.hydra.sophos.com,internet-xdelivery
198.154.181.122,ix-usw2.prod.hydra.sophos.com,internet-xdelivery
198.154.181.123,ix-usw2.prod.hydra.sophos.com,internet-xdelivery
198.154.181.124,ix-usw2.prod.hydra.sophos.com,internet-xdelivery
198.154.181.125,ix-usw2.prod.hydra.sophos.com,internet-xdelivery
198.154.181.126,ix-usw2.prod.hydra.sophos.com,internet-xdelivery
198.154.181.127,ix-usw2.prod.hydra.sophos.com,internet-xdelivery
198.154.181.128,cd-usw2.prod.hydra.sophos.com,customer-delivery
198.154.181.129,cd-usw2.prod.hydra.sophos.com,customer-delivery
198.154.181.130,cd-usw2.prod.hydra.sophos.com,customer-delivery
198.154.181.131,cd-usw2.prod.hydra.sophos.com,customer-delivery
198.154.181.132,cd-usw2.prod.hydra.sophos.com,customer-delivery
198.154.181.133,cd-usw2.prod.hydra.sophos.com,customer-delivery
198.154.181.134,cd-usw2.prod.hydra.sophos.com,customer-delivery
198.154.181.135,cd-usw2.prod.hydra.sophos.com,customer-delivery
198.154.181.136,cd-usw2.prod.hydra.sophos.com,customer-delivery
198.154.181.137,cd-usw2.prod.hydra.sophos.com,customer-delivery
198.154.181.138,cd-usw2.prod.hydra.sophos.com,customer-delivery
198.154.181.139,cd-usw2.prod.hydra.sophos.com,customer-delivery
198.154.181.140,cd-usw2.prod.hydra.sophos.com,customer-delivery
198.154.181.141,cd-usw2.prod.hydra.sophos.com,customer-delivery
198.154.181.142,cd-usw2.prod.hydra.sophos.com,customer-delivery
198.154.181.143,cd-usw2.prod.hydra.sophos.com,customer-delivery
198.154.181.144,cd-usw2.prod.hydra.sophos.com,customer-delivery
198.154.181.145,cd-usw2.prod.hydra.sophos.com,customer-delivery
198.154.181.146,cd-usw2.prod.hydra.sophos.com,customer-delivery
198.154.181.147,cd-usw2.prod.hydra.sophos.com,customer-delivery
198.154.181.148,cd-usw2.prod.hydra.sophos.com,customer-delivery
198.154.181.149,cd-usw2.prod.hydra.sophos.com,customer-delivery
198.154.181.150,cd-usw2.prod.hydra.sophos.com,customer-delivery
198.154.181.151,cd-usw2.prod.hydra.sophos.com,customer-delivery
198.154.181.152,cd-usw2.prod.hydra.sophos.com,customer-delivery
198.154.181.153,cd-usw2.prod.hydra.sophos.com,customer-delivery
198.154.181.154,cd-usw2.prod.hydra.sophos.com,customer-delivery
198.154.181.155,cd-usw2.prod.hydra.sophos.com,customer-delivery
198.154.181.156,cd-usw2.prod.hydra.sophos.com,customer-delivery
198.154.181.157,cd-usw2.prod.hydra.sophos.com,customer-delivery
198.154.181.158,cd-usw2.prod.hydra.sophos.com,customer-delivery
198.154.181.159,cd-usw2.prod.hydra.sophos.com,customer-delivery
198.154.181.160,cd-usw2.prod.hydra.sophos.com,customer-delivery
198.154.181.161,cd-usw2.prod.hydra.sophos.com,customer-delivery
198.154.181.162,cd-usw2.prod.hydra.sophos.com,customer-delivery
198.154.181.163,cd-usw2.prod.hydra.sophos.com,customer-delivery
198.154.181.164,cd-usw2.prod.hydra.sophos.com,customer-delivery
198.154.181.165,cd-usw2.prod.hydra.sophos.com,customer-delivery
198.154.181.166,cd-usw2.prod.hydra.sophos.com,customer-delivery
198.154.181.167,cd-usw2.prod.hydra.sophos.com,customer-delivery
198.154.181.168,cd-usw2.prod.hydra.sophos.com,customer-delivery
198.154.181.169,cd-usw2.prod.hydra.sophos.com,customer-delivery
198.154.181.170,cd-usw2.prod.hydra.sophos.com,customer-delivery
198.154.181.171,cd-usw2.prod.hydra.sophos.com,customer-delivery
198.154.181.172,cd-usw2.prod.hydra.sophos.com,customer-delivery
198.154.181.173,cd-usw2.prod.hydra.sophos.com,customer-delivery
198.154.181.174,cd-usw2.prod.hydra.sophos.com,customer-delivery
198.154.181.175,cd-usw2.prod.hydra.sophos.com,customer-delivery
198.154.181.176,cx-usw2.prod.hydra.sophos.com,customer-xdelivery
198.154.181.177,cx-usw2.prod.hydra.sophos.com,customer-xdelivery
198.154.181.178,cx-usw2.prod.hydra.sophos.com,customer-xdelivery
198.154.181.179,cx-usw2.prod.hydra.sophos.com,customer-xdelivery
198.154.181.180,cx-usw2.prod.hydra.sophos.com,customer-xdelivery
198.154.181.181,cx-usw2.prod.hydra.sophos.com,customer-xdelivery
198.154.181.182,cx-usw2.prod.hydra.sophos.com,customer-xdelivery
198.154.181.183,cx-usw2.prod.hydra.sophos.com,customer-xdelivery
198.154.181.184,cx-usw2.prod.hydra.sophos.com,customer-xdelivery
198.154.181.185,cx-usw2.prod.hydra.sophos.com,customer-xdelivery
198.154.181.186,cx-usw2.prod.hydra.sophos.com,customer-xdelivery
198.154.181.187,cx-usw2.prod.hydra.sophos.com,customer-xdelivery
198.154.181.188,cx-usw2.prod.hydra.sophos.com,customer-xdelivery
198.154.181.189,cx-usw2.prod.hydra.sophos.com,customer-xdelivery
198.154.181.190,cx-usw2.prod.hydra.sophos.com,customer-xdelivery
198.154.181.191,cx-usw2.prod.hydra.sophos.com,customer-xdelivery
198.154.181.192,mfid-usw2.prod.hydra.sophos.com,mf-inbound-delivery
198.154.181.193,mfid-usw2.prod.hydra.sophos.com,mf-inbound-delivery
198.154.181.194,mfid-usw2.prod.hydra.sophos.com,mf-inbound-delivery
198.154.181.195,mfid-usw2.prod.hydra.sophos.com,mf-inbound-delivery
198.154.181.196,mfid-usw2.prod.hydra.sophos.com,mf-inbound-delivery
198.154.181.197,mfid-usw2.prod.hydra.sophos.com,mf-inbound-delivery
198.154.181.198,mfid-usw2.prod.hydra.sophos.com,mf-inbound-delivery
198.154.181.199,mfid-usw2.prod.hydra.sophos.com,mf-inbound-delivery
198.154.181.200,mfid-usw2.prod.hydra.sophos.com,mf-inbound-delivery
198.154.181.201,mfid-usw2.prod.hydra.sophos.com,mf-inbound-delivery
198.154.181.202,mfid-usw2.prod.hydra.sophos.com,mf-inbound-delivery
198.154.181.203,mfid-usw2.prod.hydra.sophos.com,mf-inbound-delivery
198.154.181.204,mfid-usw2.prod.hydra.sophos.com,mf-inbound-delivery
198.154.181.205,mfid-usw2.prod.hydra.sophos.com,mf-inbound-delivery
198.154.181.206,mfid-usw2.prod.hydra.sophos.com,mf-inbound-delivery
198.154.181.207,mfid-usw2.prod.hydra.sophos.com,mf-inbound-delivery
198.154.181.208,mfid-usw2.prod.hydra.sophos.com,mf-inbound-delivery
198.154.181.209,mfid-usw2.prod.hydra.sophos.com,mf-inbound-delivery
198.154.181.210,mfid-usw2.prod.hydra.sophos.com,mf-inbound-delivery
198.154.181.211,mfid-usw2.prod.hydra.sophos.com,mf-inbound-delivery
198.154.181.212,mfid-usw2.prod.hydra.sophos.com,mf-inbound-delivery
198.154.181.213,mfid-usw2.prod.hydra.sophos.com,mf-inbound-delivery
198.154.181.214,mfid-usw2.prod.hydra.sophos.com,mf-inbound-delivery
198.154.181.215,mfid-usw2.prod.hydra.sophos.com,mf-inbound-delivery
198.154.181.216,mfix-usw2.prod.hydra.sophos.com,mf-inbound-xdelivery
198.154.181.217,mfix-usw2.prod.hydra.sophos.com,mf-inbound-xdelivery
198.154.181.218,mfix-usw2.prod.hydra.sophos.com,mf-inbound-xdelivery
198.154.181.219,mfix-usw2.prod.hydra.sophos.com,mf-inbound-xdelivery
198.154.181.220,mfix-usw2.prod.hydra.sophos.com,mf-inbound-xdelivery
198.154.181.221,mfix-usw2.prod.hydra.sophos.com,mf-inbound-xdelivery
198.154.181.222,mfix-usw2.prod.hydra.sophos.com,mf-inbound-xdelivery
198.154.181.223,mfix-usw2.prod.hydra.sophos.com,mf-inbound-xdelivery
198.154.181.224,mfod-usw2.prod.hydra.sophos.com,mf-outbound-delivery
198.154.181.225,mfod-usw2.prod.hydra.sophos.com,mf-outbound-delivery
198.154.181.226,mfod-usw2.prod.hydra.sophos.com,mf-outbound-delivery
198.154.181.227,mfod-usw2.prod.hydra.sophos.com,mf-outbound-delivery
198.154.181.228,mfod-usw2.prod.hydra.sophos.com,mf-outbound-delivery
198.154.181.229,mfod-usw2.prod.hydra.sophos.com,mf-outbound-delivery
198.154.181.230,mfod-usw2.prod.hydra.sophos.com,mf-outbound-delivery
198.154.181.231,mfod-usw2.prod.hydra.sophos.com,mf-outbound-delivery
198.154.181.232,mfod-usw2.prod.hydra.sophos.com,mf-outbound-delivery
198.154.181.233,mfod-usw2.prod.hydra.sophos.com,mf-outbound-delivery
198.154.181.234,mfod-usw2.prod.hydra.sophos.com,mf-outbound-delivery
198.154.181.235,mfod-usw2.prod.hydra.sophos.com,mf-outbound-delivery
198.154.181.236,mfod-usw2.prod.hydra.sophos.com,mf-outbound-delivery
198.154.181.237,mfod-usw2.prod.hydra.sophos.com,mf-outbound-delivery
198.154.181.238,mfod-usw2.prod.hydra.sophos.com,mf-outbound-delivery
198.154.181.239,mfod-usw2.prod.hydra.sophos.com,mf-outbound-delivery
198.154.181.240,mfod-usw2.prod.hydra.sophos.com,mf-outbound-delivery
198.154.181.241,mfod-usw2.prod.hydra.sophos.com,mf-outbound-delivery
198.154.181.242,mfod-usw2.prod.hydra.sophos.com,mf-outbound-delivery
198.154.181.243,mfod-usw2.prod.hydra.sophos.com,mf-outbound-delivery
198.154.181.244,mfod-usw2.prod.hydra.sophos.com,mf-outbound-delivery
198.154.181.245,mfod-usw2.prod.hydra.sophos.com,mf-outbound-delivery
198.154.181.246,mfod-usw2.prod.hydra.sophos.com,mf-outbound-delivery
198.154.181.247,mfod-usw2.prod.hydra.sophos.com,mf-outbound-delivery
198.154.181.248,mfox-usw2.prod.hydra.sophos.com,mf-outbound-xdelivery
198.154.181.249,mfox-usw2.prod.hydra.sophos.com,mf-outbound-xdelivery
198.154.181.250,mfox-usw2.prod.hydra.sophos.com,mf-outbound-xdelivery
198.154.181.251,mfox-usw2.prod.hydra.sophos.com,mf-outbound-xdelivery
198.154.181.252,mfox-usw2.prod.hydra.sophos.com,mf-outbound-xdelivery
198.154.181.253,mfox-usw2.prod.hydra.sophos.com,mf-outbound-xdelivery
198.154.181.254,mfox-usw2.prod.hydra.sophos.com,mf-outbound-xdelivery
198.154.181.255,mfox-usw2.prod.hydra.sophos.com,mf-outbound-xdelivery