94.140.18.0,dd-euc1.prod.hydra.sophos.com,delta-delivery
94.140.18.1,dd-euc1.prod.hydra.sophos.com,delta-delivery
94.140.18.2,dd-euc1.prod.hydra.sophos.com,delta-delivery
94.140.18.3,dd-euc1.prod.hydra.sophos.com,delta-delivery
94.140.18.4,dd-euc1.prod.hydra.sophos.com,delta-delivery
94.140.18.5,dd-euc1.prod.hydra.sophos.com,delta-delivery
94.140.18.6,dd-euc1.prod.hydra.sophos.com,delta-delivery
94.140.18.7,dd-euc1.prod.hydra.sophos.com,delta-delivery
94.140.18.8,dd-euc1.prod.hydra.sophos.com,delta-delivery
94.140.18.9,dd-euc1.prod.hydra.sophos.com,delta-delivery
94.140.18.10,dd-euc1.prod.hydra.sophos.com,delta-delivery
94.140.18.11,dd-euc1.prod.hydra.sophos.com,delta-delivery
94.140.18.12,dd-euc1.prod.hydra.sophos.com,delta-delivery
94.140.18.13,dd-euc1.prod.hydra.sophos.com,delta-delivery
94.140.18.14,dd-euc1.prod.hydra.sophos.com,delta-delivery
94.140.18.15,dd-euc1.prod.hydra.sophos.com,delta-delivery
94.140.18.16,dd-euc1.prod.hydra.sophos.com,delta-delivery
94.140.18.17,dd-euc1.prod.hydra.sophos.com,delta-delivery
94.140.18.18,dd-euc1.prod.hydra.sophos.com,delta-delivery
94.140.18.19,dd-euc1.prod.hydra.sophos.com,delta-delivery
94.140.18.20,dd-euc1.prod.hydra.sophos.com,delta-delivery
94.140.18.21,dd-euc1.prod.hydra.sophos.com,delta-delivery
94.140.18.22,dd-euc1.prod.hydra.sophos.com,delta-delivery
94.140.18.23,dd-euc1.prod.hydra.sophos.com,delta-delivery
94.140.18.24,dd-euc1.prod.hydra.sophos.com,delta-delivery
94.140.18.25,dd-euc1.prod.hydra.sophos.com,delta-delivery
94.140.18.26,dx-euc1.prod.hydra.sophos.com,delta-xdelivery
94.140.18.27,dx-euc1.prod.hydra.sophos.com,delta-xdelivery
94.140.18.28,dx-euc1.prod.hydra.sophos.com,delta-xdelivery
94.140.18.29,dx-euc1.prod.hydra.sophos.com,delta-xdelivery
94.140.18.30,dx-euc1.prod.hydra.sophos.com,delta-xdelivery
94.140.18.31,dx-euc1.prod.hydra.sophos.com,delta-xdelivery
94.140.18.32,spare-euc1.prod.hydra.sophos.com,spare
94.140.18.33,spare-euc1.prod.hydra.sophos.com,spare
94.140.18.34,spare-euc1.prod.hydra.sophos.com,spare
94.140.18.35,spare-euc1.prod.hydra.sophos.com,spare
94.140.18.36,spare-euc1.prod.hydra.sophos.com,spare
94.140.18.37,spare-euc1.prod.hydra.sophos.com,spare
94.140.18.38,spare-euc1.prod.hydra.sophos.com,spare
94.140.18.39,spare-euc1.prod.hydra.sophos.com,spare
94.140.18.40,spare-euc1.prod.hydra.sophos.com,spare
94.140.18.41,spare-euc1.prod.hydra.sophos.com,spare
94.140.18.42,spare-euc1.prod.hydra.sophos.com,spare
94.140.18.43,spare-euc1.prod.hydra.sophos.com,spare
94.140.18.44,spare-euc1.prod.hydra.sophos.com,spare
94.140.18.45,spare-euc1.prod.hydra.sophos.com,spare
94.140.18.46,spare-euc1.prod.hydra.sophos.com,spare
94.140.18.47,spare-euc1.prod.hydra.sophos.com,spare
94.140.18.48,spare-euc1.prod.hydra.sophos.com,spare
94.140.18.49,spare-euc1.prod.hydra.sophos.com,spare
94.140.18.50,spare-euc1.prod.hydra.sophos.com,spare
94.140.18.51,spare-euc1.prod.hydra.sophos.com,spare
94.140.18.52,spare-euc1.prod.hydra.sophos.com,spare
94.140.18.53,spare-euc1.prod.hydra.sophos.com,spare
94.140.18.54,spare-euc1.prod.hydra.sophos.com,spare
94.140.18.55,spare-euc1.prod.hydra.sophos.com,spare
94.140.18.56,spare-euc1.prod.hydra.sophos.com,spare
94.140.18.57,spare-euc1.prod.hydra.sophos.com,spare
94.140.18.58,spare-euc1.prod.hydra.sophos.com,spare
94.140.18.59,spare-euc1.prod.hydra.sophos.com,spare
94.140.18.60,spare-euc1.prod.hydra.sophos.com,spare
94.140.18.61,spare-euc1.prod.hydra.sophos.com,spare
94.140.18.62,spare-euc1.prod.hydra.sophos.com,spare
94.140.18.63,spare-euc1.prod.hydra.sophos.com,spare
94.140.18.64,id-euc1.prod.hydra.sophos.com,internet-delivery
94.140.18.65,id-euc1.prod.hydra.sophos.com,internet-delivery
94.140.18.66,id-euc1.prod.hydra.sophos.com,internet-delivery
94.140.18.67,id-euc1.prod.hydra.sophos.com,internet-delivery
94.140.18.68,id-euc1.prod.hydra.sophos.com,internet-delivery
94.140.18.69,id-euc1.prod.hydra.sophos.com,internet-delivery
94.140.18.70,id-euc1.prod.hydra.sophos.com,internet-delivery
94.140.18.71,id-euc1.prod.hydra.sophos.com,internet-delivery
94.140.18.72,id-euc1.prod.hydra.sophos.com,internet-delivery
94.140.18.73,id-euc1.prod.hydra.sophos.com,internet-delivery
94.140.18.74,id-euc1.prod.hydra.sophos.com,internet-delivery
94.140.18.75,id-euc1.prod.hydra.sophos.com,internet-delivery
94.140.18.76,id-euc1.prod.hydra.sophos.com,internet-delivery
94.140.18.77,id-euc1.prod.hydra.sophos.com,internet-delivery
94.140.18.78,id-euc1.prod.hydra.sophos.com,internet-delivery
94.140.18.79,id-euc1.prod.hydra.sophos.com,internet-delivery
94.140.18.80,id-euc1.prod.hydra.sophos.com,internet-delivery
94.140.18.81,id-euc1.prod.hydra.sophos.com,internet-delivery
94.140.18.82,id-euc1.prod.hydra.sophos.com,internet-delivery
94.140.18.83,id-euc1.prod.hydra.sophos.com,internet-delivery
94.140.18.84,id-euc1.prod.hydra.sophos.com,internet-delivery
94.140.18.85,id-euc1.prod.hydra.sophos.com,internet-delivery
94.140.18.86,id-euc1.prod.hydra.sophos.com,internet-delivery
94.140.18.87,id-euc1.prod.hydra.sophos.com,internet-delivery
94.140.18.88,id-euc1.prod.hydra.sophos.com,internet-delivery
94.140.18.89,id-euc1.prod.hydra.sophos.com,internet-delivery
94.140.18.90,id-euc1.prod.hydra.sophos.com,internet-delivery
94.140.18.91,id-euc1.prod.hydra.sophos.com,internet-delivery
94.140.18.92,id-euc1.prod.hydra.sophos.com,internet-delivery
94.140.18.93,id-euc1.prod.hydra.sophos.com,internet-delivery
94.140.18.94,id-euc1.prod.hydra.sophos.com,internet-delivery
94.140.18.95,id-euc1.prod.hydra.sophos.com,internet-delivery
94.140.18.96,id-euc1.prod.hydra.sophos.com,internet-delivery
94.140.18.97,id-euc1.prod.hydra.sophos.com,internet-delivery
94.140.18.98,id-euc1.prod.hydra.sophos.com,internet-delivery
94.140.18.99,id-euc1.prod.hydra.sophos.com,internet-delivery
94.140.18.100,id-euc1.prod.hydra.sophos.com,internet-delivery
94.140.18.101,id-euc1.prod.hydra.sophos.com,internet-delivery
94.140.18.102,id-euc1.prod.hydra.sophos.com,internet-delivery
94.140.18.103,id-euc1.prod.hydra.sophos.com,internet-delivery
94.140.18.104,id-euc1.prod.hydra.sophos.com,internet-delivery
94.140.18.105,id-euc1.prod.hydra.sophos.com,internet-delivery
94.140.18.106,id-euc1.prod.hydra.sophos.com,internet-delivery
94.140.18.107,id-euc1.prod.hydra.sophos.com,internet-delivery
94.140.18.108,id-euc1.prod.hydra.sophos.com,internet-delivery
94.140.18.109,id-euc1.prod.hydra.sophos.com,internet-delivery
94.140.18.110,id-euc1.prod.hydra.sophos.com,internet-delivery
94.140.18.111,id-euc1.prod.hydra.sophos.com,internet-delivery
94.140.18.112,ix-euc1.prod.hydra.sophos.com,internet-xdelivery
94.140.18.113,ix-euc1.prod.hydra.sophos.com,internet-xdelivery
94.140.18.114,ix-euc1.prod.hydra.sophos.com,internet-xdelivery
94.140.18.115,ix-euc1.prod.hydra.sophos.com,internet-xdelivery
94.140.18.116,ix-euc1.prod.hydra.sophos.com,internet-xdelivery
94.140.18.117,ix-euc1.prod.hydra.sophos.com,internet-xdelivery
94.140.18.118,ix-euc1.prod.hydra.sophos.com,internet-xdelivery
94.140.18.119,ix-euc1.prod.hydra.sophos.com,internet-xdelivery
94.140.18.120,ix-euc1.prod.hydra.sophos.com,internet-xdelivery
94.140.18.121,ix-euc1.prod.hydra.sophos.com,internet-xdelivery
94.140.18.122,ix-euc1.prod.hydra.sophos.com,internet-xdelivery
94.140.18.123,ix-euc1.prod.hydra.sophos.com,internet-xdelivery
94.140.18.124,ix-euc1.prod.hydra.sophos.com,internet-xdelivery
94.140.18.125,ix-euc1.prod.hydra.sophos.com,internet-xdelivery
94.140.18.126,ix-euc1.prod.hydra.sophos.com,internet-xdelivery
94.140.18.127,ix-euc1.prod.hydra.sophos.com,internet-xdelivery
94.140.18.128,cd-euc1.prod.hydra.sophos.com,customer-delivery
94.140.18.129,cd-euc1.prod.hydra.sophos.com,customer-delivery
94.140.18.130,cd-euc1.prod.hydra.sophos.com,customer-delivery
94.140.18.131,cd-euc1.prod.hydra.sophos.com,customer-delivery
94.140.18.132,cd-euc1.prod.hydra.sophos.com,customer-delivery
94.140.18.133,cd-euc1.prod.hydra.sophos.com,customer-delivery
94.140.18.134,cd-euc1.prod.hydra.sophos.com,customer-delivery
94.140.18.135,cd-euc1.prod.hydra.sophos.com,customer-delivery
94.140.18.136,cd-euc1.prod.hydra.sophos.com,customer-delivery
94.140.18.137,cd-euc1.prod.hydra.sophos.com,customer-delivery
94.140.18.138,cd-euc1.prod.hydra.sophos.com,customer-delivery
94.140.18.139,cd-euc1.prod.hydra.sophos.com,customer-delivery
94.140.18.140,cd-euc1.prod.hydra.sophos.com,customer-delivery
94.140.18.141,cd-euc1.prod.hydra.sophos.com,customer-delivery
94.140.18.142,cd-euc1.prod.hydra.sophos.com,customer-delivery
94.140.18.143,cd-euc1.prod.hydra.sophos.com,customer-delivery
94.140.18.144,cd-euc1.prod.hydra.sophos.com,customer-delivery
94.140.18.145,cd-euc1.prod.hydra.sophos.com,customer-delivery
94.140.18.146,cd-euc1.prod.hydra.sophos.com,customer-delivery
94.140.18.147,cd-euc1.prod.hydra.sophos.com,customer-delivery
94.140.18.148,cd-euc1.prod.hydra.sophos.com,customer-delivery
94.140.18.149,cd-euc1.prod.hydra.sophos.com,customer-delivery
94.140.18.150,cd-euc1.prod.hydra.sophos.com,customer-delivery
94.140.18.151,cd-euc1.prod.hydra.sophos.com,customer-delivery
94.140.18.152,cd-euc1.prod.hydra.sophos.com,customer-delivery
94.140.18.153,cd-euc1.prod.hydra.sophos.com,customer-delivery
94.140.18.154,cd-euc1.prod.hydra.sophos.com,customer-delivery
94.140.18.155,cd-euc1.prod.hydra.sophos.com,customer-delivery
94.140.18.156,cd-euc1.prod.hydra.sophos.com,customer-delivery
94.140.18.157,cd-euc1.prod.hydra.sophos.com,customer-delivery
94.140.18.158,cd-euc1.prod.hydra.sophos.com,customer-delivery
94.140.18.159,cd-euc1.prod.hydra.sophos.com,customer-delivery
94.140.18.160,cd-euc1.prod.hydra.sophos.com,customer-delivery
94.140.18.161,cd-euc1.prod.hydra.sophos.com,customer-delivery
94.140.18.162,cd-euc1.prod.hydra.sophos.com,customer-delivery
94.140.18.163,cd-euc1.prod.hydra.sophos.com,customer-delivery
94.140.18.164,cd-euc1.prod.hydra.sophos.com,customer-delivery
94.140.18.165,cd-euc1.prod.hydra.sophos.com,customer-delivery
94.140.18.166,cd-euc1.prod.hydra.sophos.com,customer-delivery
94.140.18.167,cd-euc1.prod.hydra.sophos.com,customer-delivery
94.140.18.168,cd-euc1.prod.hydra.sophos.com,customer-delivery
94.140.18.169,cd-euc1.prod.hydra.sophos.com,customer-delivery
94.140.18.170,cd-euc1.prod.hydra.sophos.com,customer-delivery
94.140.18.171,cd-euc1.prod.hydra.sophos.com,customer-delivery
94.140.18.172,cd-euc1.prod.hydra.sophos.com,customer-delivery
94.140.18.173,cd-euc1.prod.hydra.sophos.com,customer-delivery
94.140.18.174,cd-euc1.prod.hydra.sophos.com,customer-delivery
94.140.18.175,cd-euc1.prod.hydra.sophos.com,customer-delivery
94.140.18.176,cx-euc1.prod.hydra.sophos.com,customer-xdelivery
94.140.18.177,cx-euc1.prod.hydra.sophos.com,customer-xdelivery
94.140.18.178,cx-euc1.prod.hydra.sophos.com,customer-xdelivery
94.140.18.179,cx-euc1.prod.hydra.sophos.com,customer-xdelivery
94.140.18.180,cx-euc1.prod.hydra.sophos.com,customer-xdelivery
94.140.18.181,cx-euc1.prod.hydra.sophos.com,customer-xdelivery
94.140.18.182,cx-euc1.prod.hydra.sophos.com,customer-xdelivery
94.140.18.183,cx-euc1.prod.hydra.sophos.com,customer-xdelivery
94.140.18.184,cx-euc1.prod.hydra.sophos.com,customer-xdelivery
94.140.18.185,cx-euc1.prod.hydra.sophos.com,customer-xdelivery
94.140.18.186,cx-euc1.prod.hydra.sophos.com,customer-xdelivery
94.140.18.187,cx-euc1.prod.hydra.sophos.com,customer-xdelivery
94.140.18.188,cx-euc1.prod.hydra.sophos.com,customer-xdelivery
94.140.18.189,cx-euc1.prod.hydra.sophos.com,customer-xdelivery
94.140.18.190,cx-euc1.prod.hydra.sophos.com,customer-xdelivery
94.140.18.191,cx-euc1.prod.hydra.sophos.com,customer-xdelivery
94.140.18.192,mfid-euc1.prod.hydra.sophos.com,mf-inbound-delivery
94.140.18.193,mfid-euc1.prod.hydra.sophos.com,mf-inbound-delivery
94.140.18.194,mfid-euc1.prod.hydra.sophos.com,mf-inbound-delivery
94.140.18.195,mfid-euc1.prod.hydra.sophos.com,mf-inbound-delivery
94.140.18.196,mfid-euc1.prod.hydra.sophos.com,mf-inbound-delivery
94.140.18.197,mfid-euc1.prod.hydra.sophos.com,mf-inbound-delivery
94.140.18.198,mfid-euc1.prod.hydra.sophos.com,mf-inbound-delivery
94.140.18.199,mfid-euc1.prod.hydra.sophos.com,mf-inbound-delivery
94.140.18.200,mfid-euc1.prod.hydra.sophos.com,mf-inbound-delivery
94.140.18.201,mfid-euc1.prod.hydra.sophos.com,mf-inbound-delivery
94.140.18.202,mfid-euc1.prod.hydra.sophos.com,mf-inbound-delivery
94.140.18.203,mfid-euc1.prod.hydra.sophos.com,mf-inbound-delivery
94.140.18.204,mfid-euc1.prod.hydra.sophos.com,mf-inbound-delivery
94.140.18.205,mfid-euc1.prod.hydra.sophos.com,mf-inbound-delivery
94.140.18.206,mfid-euc1.prod.hydra.sophos.com,mf-inbound-delivery
94.140.18.207,mfid-euc1.prod.hydra.sophos.com,mf-inbound-delivery
94.140.18.208,mfid-euc1.prod.hydra.sophos.com,mf-inbound-delivery
94.140.18.209,mfid-euc1.prod.hydra.sophos.com,mf-inbound-delivery
94.140.18.210,mfid-euc1.prod.hydra.sophos.com,mf-inbound-delivery
94.140.18.211,mfid-euc1.prod.hydra.sophos.com,mf-inbound-delivery
94.140.18.212,mfid-euc1.prod.hydra.sophos.com,mf-inbound-delivery
94.140.18.213,mfid-euc1.prod.hydra.sophos.com,mf-inbound-delivery
94.140.18.214,mfid-euc1.prod.hydra.sophos.com,mf-inbound-delivery
94.140.18.215,mfid-euc1.prod.hydra.sophos.com,mf-inbound-delivery
94.140.18.216,mfix-euc1.prod.hydra.sophos.com,mf-inbound-xdelivery
94.140.18.217,mfix-euc1.prod.hydra.sophos.com,mf-inbound-xdelivery
94.140.18.218,mfix-euc1.prod.hydra.sophos.com,mf-inbound-xdelivery
94.140.18.219,mfix-euc1.prod.hydra.sophos.com,mf-inbound-xdelivery
94.140.18.220,mfix-euc1.prod.hydra.sophos.com,mf-inbound-xdelivery
94.140.18.221,mfix-euc1.prod.hydra.sophos.com,mf-inbound-xdelivery
94.140.18.222,mfix-euc1.prod.hydra.sophos.com,mf-inbound-xdelivery
94.140.18.223,mfix-euc1.prod.hydra.sophos.com,mf-inbound-xdelivery
94.140.18.224,mfod-euc1.prod.hydra.sophos.com,mf-outbound-delivery
94.140.18.225,mfod-euc1.prod.hydra.sophos.com,mf-outbound-delivery
94.140.18.226,mfod-euc1.prod.hydra.sophos.com,mf-outbound-delivery
94.140.18.227,mfod-euc1.prod.hydra.sophos.com,mf-outbound-delivery
94.140.18.228,mfod-euc1.prod.hydra.sophos.com,mf-outbound-delivery
94.140.18.229,mfod-euc1.prod.hydra.sophos.com,mf-outbound-delivery
94.140.18.230,mfod-euc1.prod.hydra.sophos.com,mf-outbound-delivery
94.140.18.231,mfod-euc1.prod.hydra.sophos.com,mf-outbound-delivery
94.140.18.232,mfod-euc1.prod.hydra.sophos.com,mf-outbound-delivery
94.140.18.233,mfod-euc1.prod.hydra.sophos.com,mf-outbound-delivery
94.140.18.234,mfod-euc1.prod.hydra.sophos.com,mf-outbound-delivery
94.140.18.235,mfod-euc1.prod.hydra.sophos.com,mf-outbound-delivery
94.140.18.236,mfod-euc1.prod.hydra.sophos.com,mf-outbound-delivery
94.140.18.237,mfod-euc1.prod.hydra.sophos.com,mf-outbound-delivery
94.140.18.238,mfod-euc1.prod.hydra.sophos.com,mf-outbound-delivery
94.140.18.239,mfod-euc1.prod.hydra.sophos.com,mf-outbound-delivery
94.140.18.240,mfod-euc1.prod.hydra.sophos.com,mf-outbound-delivery
94.140.18.241,mfod-euc1.prod.hydra.sophos.com,mf-outbound-delivery
94.140.18.242,mfod-euc1.prod.hydra.sophos.com,mf-outbound-delivery
94.140.18.243,mfod-euc1.prod.hydra.sophos.com,mf-outbound-delivery
94.140.18.244,mfod-euc1.prod.hydra.sophos.com,mf-outbound-delivery
94.140.18.245,mfod-euc1.prod.hydra.sophos.com,mf-outbound-delivery
94.140.18.246,mfod-euc1.prod.hydra.sophos.com,mf-outbound-delivery
94.140.18.247,mfod-euc1.prod.hydra.sophos.com,mf-outbound-delivery
94.140.18.248,mfox-euc1.prod.hydra.sophos.com,mf-outbound-xdelivery
94.140.18.249,mfox-euc1.prod.hydra.sophos.com,mf-outbound-xdelivery
94.140.18.250,mfox-euc1.prod.hydra.sophos.com,mf-outbound-xdelivery
94.140.18.251,mfox-euc1.prod.hydra.sophos.com,mf-outbound-xdelivery
94.140.18.252,mfox-euc1.prod.hydra.sophos.com,mf-outbound-xdelivery
94.140.18.253,mfox-euc1.prod.hydra.sophos.com,mf-outbound-xdelivery
94.140.18.254,mfox-euc1.prod.hydra.sophos.com,mf-outbound-xdelivery
94.140.18.255,mfox-euc1.prod.hydra.sophos.com,mf-outbound-xdelivery