103.246.251.0,,
103.246.251.1,,
103.246.251.2,,
103.246.251.3,,
103.246.251.4,,
103.246.251.5,wd-use2.prod.hydra.sophos.com,warmup-delivery
103.246.251.6,wd-use2.prod.hydra.sophos.com,warmup-delivery
103.246.251.7,,
103.246.251.8,,
103.246.251.9,wd-use2.prod.hydra.sophos.com,warmup-delivery
103.246.251.10,wx-use2.prod.hydra.sophos.com,warmup-xdelivery
103.246.251.11,,
103.246.251.12,,
103.246.251.13,wx-use2.prod.hydra.sophos.com,warmup-xdelivery
103.246.251.14,wx-use2.prod.hydra.sophos.com,warmup-xdelivery
103.246.251.15,,
103.246.251.16,,
103.246.251.17,,
103.246.251.18,,
103.246.251.19,,
103.246.251.20,,
103.246.251.21,,
103.246.251.22,,
103.246.251.23,,
103.246.251.24,,
103.246.251.25,,
103.246.251.26,,
103.246.251.27,,
103.246.251.28,,
103.246.251.29,,
103.246.251.30,,
103.246.251.31,,
103.246.251.32,,
103.246.251.33,,
103.246.251.34,,
103.246.251.35,,
103.246.251.36,,
103.246.251.37,,
103.246.251.38,,
103.246.251.39,,
103.246.251.40,,
103.246.251.41,,
103.246.251.42,,
103.246.251.43,,
103.246.251.44,,
103.246.251.45,,
103.246.251.46,,
103.246.251.47,,
103.246.251.48,,
103.246.251.49,,
103.246.251.50,,
103.246.251.51,,
103.246.251.52,,
103.246.251.53,,
103.246.251.54,,
103.246.251.55,,
103.246.251.56,,
103.246.251.57,,
103.246.251.58,,
103.246.251.59,,
103.246.251.60,,
103.246.251.61,,
103.246.251.62,,
103.246.251.63,,
103.246.251.64,,
103.246.251.65,,
103.246.251.66,,
103.246.251.67,,
103.246.251.68,,
103.246.251.69,,
103.246.251.70,,
103.246.251.71,,
103.246.251.72,,
103.246.251.73,,
103.246.251.74,,
103.246.251.75,,
103.246.251.76,,
103.246.251.77,,
103.246.251.78,,
103.246.251.79,,
103.246.251.80,,
103.246.251.81,,
103.246.251.82,,
103.246.251.83,,
103.246.251.84,,
103.246.251.85,,
103.246.251.86,,
103.246.251.87,,
103.246.251.88,,
103.246.251.89,,
103.246.251.90,,
103.246.251.91,,
103.246.251.92,,
103.246.251.93,,
103.246.251.94,,
103.246.251.95,,
103.246.251.96,,
103.246.251.97,,
103.246.251.98,,
103.246.251.99,,
103.246.251.100,,
103.246.251.101,,
103.246.251.102,,
103.246.251.103,,
103.246.251.104,,
103.246.251.105,,
103.246.251.106,,
103.246.251.107,,
103.246.251.108,,
103.246.251.109,,
103.246.251.110,,
103.246.251.111,,
103.246.251.112,,
103.246.251.113,,
103.246.251.114,,
103.246.251.115,,
103.246.251.116,,
103.246.251.117,,
103.246.251.118,,
103.246.251.119,,
103.246.251.120,,
103.246.251.121,,
103.246.251.122,,
103.246.251.123,,
103.246.251.124,,
103.246.251.125,,
103.246.251.126,,
103.246.251.127,,
103.246.251.128,,
103.246.251.129,,
103.246.251.130,,
103.246.251.131,,
103.246.251.132,,
103.246.251.133,,
103.246.251.134,,
103.246.251.135,,
103.246.251.136,,
103.246.251.137,,
103.246.251.138,,
103.246.251.139,,
103.246.251.140,,
103.246.251.141,,
103.246.251.142,,
103.246.251.143,,
103.246.251.144,,
103.246.251.145,,
103.246.251.146,,
103.246.251.147,,
103.246.251.148,,
103.246.251.149,,
103.246.251.150,,
103.246.251.151,,
103.246.251.152,,
103.246.251.153,,
103.246.251.154,,
103.246.251.155,,
103.246.251.156,,
103.246.251.157,,
103.246.251.158,,
103.246.251.159,,
103.246.251.160,,
103.246.251.161,,
103.246.251.162,,
103.246.251.163,,
103.246.251.164,,
103.246.251.165,,
103.246.251.166,,
103.246.251.167,,
103.246.251.168,,
103.246.251.169,,
103.246.251.170,,
103.246.251.171,,
103.246.251.172,,
103.246.251.173,,
103.246.251.174,,
103.246.251.175,,
103.246.251.176,,
103.246.251.177,,
103.246.251.178,,
103.246.251.179,,
103.246.251.180,,
103.246.251.181,,
103.246.251.182,,
103.246.251.183,,
103.246.251.184,,
103.246.251.185,,
103.246.251.186,,
103.246.251.187,,
103.246.251.188,,
103.246.251.189,,
103.246.251.190,,
103.246.251.191,,
103.246.251.192,mfid-use2.prod.hydra.sophos.com,mf-inbound-delivery
103.246.251.193,mfid-use2.prod.hydra.sophos.com,mf-inbound-delivery
103.246.251.194,mfid-use2.prod.hydra.sophos.com,mf-inbound-delivery
103.246.251.195,mfid-use2.prod.hydra.sophos.com,mf-inbound-delivery
103.246.251.196,mfid-use2.prod.hydra.sophos.com,mf-inbound-delivery
103.246.251.197,mfid-use2.prod.hydra.sophos.com,mf-inbound-delivery
103.246.251.198,mfid-use2.prod.hydra.sophos.com,mf-inbound-delivery
103.246.251.199,mfid-use2.prod.hydra.sophos.com,mf-inbound-delivery
103.246.251.200,mfid-use2.prod.hydra.sophos.com,mf-inbound-delivery
103.246.251.201,mfid-use2.prod.hydra.sophos.com,mf-inbound-delivery
103.246.251.202,mfid-use2.prod.hydra.sophos.com,mf-inbound-delivery
103.246.251.203,mfid-use2.prod.hydra.sophos.com,mf-inbound-delivery
103.246.251.204,mfid-use2.prod.hydra.sophos.com,mf-inbound-delivery
103.246.251.205,mfid-use2.prod.hydra.sophos.com,mf-inbound-delivery
103.246.251.206,mfid-use2.prod.hydra.sophos.com,mf-inbound-delivery
103.246.251.207,mfid-use2.prod.hydra.sophos.com,mf-inbound-delivery
103.246.251.208,mfid-use2.prod.hydra.sophos.com,mf-inbound-delivery
103.246.251.209,mfid-use2.prod.hydra.sophos.com,mf-inbound-delivery
103.246.251.210,mfid-use2.prod.hydra.sophos.com,mf-inbound-delivery
103.246.251.211,mfid-use2.prod.hydra.sophos.com,mf-inbound-delivery
103.246.251.212,mfid-use2.prod.hydra.sophos.com,mf-inbound-delivery
103.246.251.213,mfid-use2.prod.hydra.sophos.com,mf-inbound-delivery
103.246.251.214,mfid-use2.prod.hydra.sophos.com,mf-inbound-delivery
103.246.251.215,mfid-use2.prod.hydra.sophos.com,mf-inbound-delivery
103.246.251.216,mfix-use2.prod.hydra.sophos.com,mf-inbound-xdelivery
103.246.251.217,mfix-use2.prod.hydra.sophos.com,mf-inbound-xdelivery
103.246.251.218,mfix-use2.prod.hydra.sophos.com,mf-inbound-xdelivery
103.246.251.219,mfix-use2.prod.hydra.sophos.com,mf-inbound-xdelivery
103.246.251.220,mfix-use2.prod.hydra.sophos.com,mf-inbound-xdelivery
103.246.251.221,mfix-use2.prod.hydra.sophos.com,mf-inbound-xdelivery
103.246.251.222,mfix-use2.prod.hydra.sophos.com,mf-inbound-xdelivery
103.246.251.223,mfix-use2.prod.hydra.sophos.com,mf-inbound-xdelivery
103.246.251.224,mfod-use2.prod.hydra.sophos.com,mf-outbound-delivery
103.246.251.225,mfod-use2.prod.hydra.sophos.com,mf-outbound-delivery
103.246.251.226,mfod-use2.prod.hydra.sophos.com,mf-outbound-delivery
103.246.251.227,mfod-use2.prod.hydra.sophos.com,mf-outbound-delivery
103.246.251.228,mfod-use2.prod.hydra.sophos.com,mf-outbound-delivery
103.246.251.229,mfod-use2.prod.hydra.sophos.com,mf-outbound-delivery
103.246.251.230,mfod-use2.prod.hydra.sophos.com,mf-outbound-delivery
103.246.251.231,mfod-use2.prod.hydra.sophos.com,mf-outbound-delivery
103.246.251.232,mfod-use2.prod.hydra.sophos.com,mf-outbound-delivery
103.246.251.233,mfod-use2.prod.hydra.sophos.com,mf-outbound-delivery
103.246.251.234,mfod-use2.prod.hydra.sophos.com,mf-outbound-delivery
103.246.251.235,mfod-use2.prod.hydra.sophos.com,mf-outbound-delivery
103.246.251.236,mfod-use2.prod.hydra.sophos.com,mf-outbound-delivery
103.246.251.237,mfod-use2.prod.hydra.sophos.com,mf-outbound-delivery
103.246.251.238,mfod-use2.prod.hydra.sophos.com,mf-outbound-delivery
103.246.251.239,mfod-use2.prod.hydra.sophos.com,mf-outbound-delivery
103.246.251.240,mfod-use2.prod.hydra.sophos.com,mf-outbound-delivery
103.246.251.241,mfod-use2.prod.hydra.sophos.com,mf-outbound-delivery
103.246.251.242,mfod-use2.prod.hydra.sophos.com,mf-outbound-delivery
103.246.251.243,mfod-use2.prod.hydra.sophos.com,mf-outbound-delivery
103.246.251.244,mfod-use2.prod.hydra.sophos.com,mf-outbound-delivery
103.246.251.245,mfod-use2.prod.hydra.sophos.com,mf-outbound-delivery
103.246.251.246,mfod-use2.prod.hydra.sophos.com,mf-outbound-delivery
103.246.251.247,mfod-use2.prod.hydra.sophos.com,mf-outbound-delivery
103.246.251.248,mfox-use2.prod.hydra.sophos.com,mf-outbound-xdelivery
103.246.251.249,mfox-use2.prod.hydra.sophos.com,mf-outbound-xdelivery
103.246.251.250,mfox-use2.prod.hydra.sophos.com,mf-outbound-xdelivery
103.246.251.251,mfox-use2.prod.hydra.sophos.com,mf-outbound-xdelivery
103.246.251.252,mfox-use2.prod.hydra.sophos.com,mf-outbound-xdelivery
103.246.251.253,mfox-use2.prod.hydra.sophos.com,mf-outbound-xdelivery
103.246.251.254,mfox-use2.prod.hydra.sophos.com,mf-outbound-xdelivery
103.246.251.255,mfox-use2.prod.hydra.sophos.com,mf-outbound-xdelivery