198.154.181.0,,
198.154.181.1,,
198.154.181.2,wd-usw2.prod.hydra.sophos.com,warmup-delivery
198.154.181.3,wd-usw2.prod.hydra.sophos.com,warmup-delivery
198.154.181.4,wd-usw2.prod.hydra.sophos.com,warmup-delivery
198.154.181.5,,
198.154.181.6,,
198.154.181.7,wd-usw2.prod.hydra.sophos.com,warmup-delivery
198.154.181.8,wd-usw2.prod.hydra.sophos.com,warmup-delivery
198.154.181.9,,
198.154.181.10,,
198.154.181.11,wd-usw2.prod.hydra.sophos.com,warmup-delivery
198.154.181.12,wd-usw2.prod.hydra.sophos.com,warmup-delivery
198.154.181.13,,
198.154.181.14,,
198.154.181.15,wd-usw2.prod.hydra.sophos.com,warmup-delivery
198.154.181.16,wd-usw2.prod.hydra.sophos.com,warmup-delivery
198.154.181.17,,
198.154.181.18,,
198.154.181.19,,
198.154.181.20,,
198.154.181.21,,
198.154.181.22,,
198.154.181.23,,
198.154.181.24,,
198.154.181.25,,
198.154.181.26,,
198.154.181.27,,
198.154.181.28,,
198.154.181.29,,
198.154.181.30,,
198.154.181.31,,
198.154.181.32,,
198.154.181.33,,
198.154.181.34,,
198.154.181.35,,
198.154.181.36,,
198.154.181.37,,
198.154.181.38,,
198.154.181.39,,
198.154.181.40,,
198.154.181.41,,
198.154.181.42,,
198.154.181.43,,
198.154.181.44,,
198.154.181.45,,
198.154.181.46,,
198.154.181.47,,
198.154.181.48,,
198.154.181.49,,
198.154.181.50,,
198.154.181.51,,
198.154.181.52,,
198.154.181.53,,
198.154.181.54,,
198.154.181.55,,
198.154.181.56,,
198.154.181.57,,
198.154.181.58,,
198.154.181.59,,
198.154.181.60,,
198.154.181.61,,
198.154.181.62,,
198.154.181.63,,
198.154.181.64,wd-usw2.prod.hydra.sophos.com,warmup-delivery
198.154.181.65,wd-usw2.prod.hydra.sophos.com,warmup-delivery
198.154.181.66,wd-usw2.prod.hydra.sophos.com,warmup-delivery
198.154.181.67,wd-usw2.prod.hydra.sophos.com,warmup-delivery
198.154.181.68,wd-usw2.prod.hydra.sophos.com,warmup-delivery
198.154.181.69,wd-usw2.prod.hydra.sophos.com,warmup-delivery
198.154.181.70,wd-usw2.prod.hydra.sophos.com,warmup-delivery
198.154.181.71,wd-usw2.prod.hydra.sophos.com,warmup-delivery
198.154.181.72,wd-usw2.prod.hydra.sophos.com,warmup-delivery
198.154.181.73,wd-usw2.prod.hydra.sophos.com,warmup-delivery
198.154.181.74,wd-usw2.prod.hydra.sophos.com,warmup-delivery
198.154.181.75,wd-usw2.prod.hydra.sophos.com,warmup-delivery
198.154.181.76,wd-usw2.prod.hydra.sophos.com,warmup-delivery
198.154.181.77,wd-usw2.prod.hydra.sophos.com,warmup-delivery
198.154.181.78,wd-usw2.prod.hydra.sophos.com,warmup-delivery
198.154.181.79,wd-usw2.prod.hydra.sophos.com,warmup-delivery
198.154.181.80,wd-usw2.prod.hydra.sophos.com,warmup-delivery
198.154.181.81,wd-usw2.prod.hydra.sophos.com,warmup-delivery
198.154.181.82,wd-usw2.prod.hydra.sophos.com,warmup-delivery
198.154.181.83,wd-usw2.prod.hydra.sophos.com,warmup-delivery
198.154.181.84,wd-usw2.prod.hydra.sophos.com,warmup-delivery
198.154.181.85,wd-usw2.prod.hydra.sophos.com,warmup-delivery
198.154.181.86,wd-usw2.prod.hydra.sophos.com,warmup-delivery
198.154.181.87,wd-usw2.prod.hydra.sophos.com,warmup-delivery
198.154.181.88,wd-usw2.prod.hydra.sophos.com,warmup-delivery
198.154.181.89,wd-usw2.prod.hydra.sophos.com,warmup-delivery
198.154.181.90,wd-usw2.prod.hydra.sophos.com,warmup-delivery
198.154.181.91,wd-usw2.prod.hydra.sophos.com,warmup-delivery
198.154.181.92,wd-usw2.prod.hydra.sophos.com,warmup-delivery
198.154.181.93,wd-usw2.prod.hydra.sophos.com,warmup-delivery
198.154.181.94,wd-usw2.prod.hydra.sophos.com,warmup-delivery
198.154.181.95,wd-usw2.prod.hydra.sophos.com,warmup-delivery
198.154.181.96,wd-usw2.prod.hydra.sophos.com,warmup-delivery
198.154.181.97,wd-usw2.prod.hydra.sophos.com,warmup-delivery
198.154.181.98,wd-usw2.prod.hydra.sophos.com,warmup-delivery
198.154.181.99,wd-usw2.prod.hydra.sophos.com,warmup-delivery
198.154.181.100,wx-usw2.prod.hydra.sophos.com,warmup-xdelivery
198.154.181.101,wx-usw2.prod.hydra.sophos.com,warmup-xdelivery
198.154.181.102,wx-usw2.prod.hydra.sophos.com,warmup-xdelivery
198.154.181.103,wx-usw2.prod.hydra.sophos.com,warmup-xdelivery
198.154.181.104,wx-usw2.prod.hydra.sophos.com,warmup-xdelivery
198.154.181.105,wx-usw2.prod.hydra.sophos.com,warmup-xdelivery
198.154.181.106,wx-usw2.prod.hydra.sophos.com,warmup-xdelivery
198.154.181.107,wx-usw2.prod.hydra.sophos.com,warmup-xdelivery
198.154.181.108,wx-usw2.prod.hydra.sophos.com,warmup-xdelivery
198.154.181.109,wx-usw2.prod.hydra.sophos.com,warmup-xdelivery
198.154.181.110,wx-usw2.prod.hydra.sophos.com,warmup-xdelivery
198.154.181.111,wx-usw2.prod.hydra.sophos.com,warmup-xdelivery
198.154.181.112,wx-usw2.prod.hydra.sophos.com,warmup-xdelivery
198.154.181.113,wx-usw2.prod.hydra.sophos.com,warmup-xdelivery
198.154.181.114,wx-usw2.prod.hydra.sophos.com,warmup-xdelivery
198.154.181.115,wx-usw2.prod.hydra.sophos.com,warmup-xdelivery
198.154.181.116,wx-usw2.prod.hydra.sophos.com,warmup-xdelivery
198.154.181.117,wx-usw2.prod.hydra.sophos.com,warmup-xdelivery
198.154.181.118,wx-usw2.prod.hydra.sophos.com,warmup-xdelivery
198.154.181.119,wx-usw2.prod.hydra.sophos.com,warmup-xdelivery
198.154.181.120,wx-usw2.prod.hydra.sophos.com,warmup-xdelivery
198.154.181.121,wx-usw2.prod.hydra.sophos.com,warmup-xdelivery
198.154.181.122,wx-usw2.prod.hydra.sophos.com,warmup-xdelivery
198.154.181.123,wx-usw2.prod.hydra.sophos.com,warmup-xdelivery
198.154.181.124,wx-usw2.prod.hydra.sophos.com,warmup-xdelivery
198.154.181.125,wx-usw2.prod.hydra.sophos.com,warmup-xdelivery
198.154.181.126,wx-usw2.prod.hydra.sophos.com,warmup-xdelivery
198.154.181.127,wx-usw2.prod.hydra.sophos.com,warmup-xdelivery
198.154.181.128,,
198.154.181.129,,
198.154.181.130,,
198.154.181.131,,
198.154.181.132,,
198.154.181.133,,
198.154.181.134,,
198.154.181.135,,
198.154.181.136,,
198.154.181.137,,
198.154.181.138,,
198.154.181.139,,
198.154.181.140,,
198.154.181.141,,
198.154.181.142,,
198.154.181.143,,
198.154.181.144,,
198.154.181.145,,
198.154.181.146,,
198.154.181.147,,
198.154.181.148,,
198.154.181.149,,
198.154.181.150,,
198.154.181.151,,
198.154.181.152,,
198.154.181.153,,
198.154.181.154,,
198.154.181.155,,
198.154.181.156,,
198.154.181.157,,
198.154.181.158,,
198.154.181.159,,
198.154.181.160,,
198.154.181.161,,
198.154.181.162,,
198.154.181.163,,
198.154.181.164,,
198.154.181.165,,
198.154.181.166,,
198.154.181.167,,
198.154.181.168,,
198.154.181.169,,
198.154.181.170,,
198.154.181.171,,
198.154.181.172,,
198.154.181.173,,
198.154.181.174,,
198.154.181.175,,
198.154.181.176,,
198.154.181.177,,
198.154.181.178,,
198.154.181.179,,
198.154.181.180,,
198.154.181.181,,
198.154.181.182,,
198.154.181.183,,
198.154.181.184,,
198.154.181.185,,
198.154.181.186,,
198.154.181.187,,
198.154.181.188,,
198.154.181.189,,
198.154.181.190,,
198.154.181.191,,
198.154.181.192,mfid-usw2.prod.hydra.sophos.com,mf-inbound-delivery
198.154.181.193,mfid-usw2.prod.hydra.sophos.com,mf-inbound-delivery
198.154.181.194,mfid-usw2.prod.hydra.sophos.com,mf-inbound-delivery
198.154.181.195,mfid-usw2.prod.hydra.sophos.com,mf-inbound-delivery
198.154.181.196,mfid-usw2.prod.hydra.sophos.com,mf-inbound-delivery
198.154.181.197,mfid-usw2.prod.hydra.sophos.com,mf-inbound-delivery
198.154.181.198,mfid-usw2.prod.hydra.sophos.com,mf-inbound-delivery
198.154.181.199,mfid-usw2.prod.hydra.sophos.com,mf-inbound-delivery
198.154.181.200,mfid-usw2.prod.hydra.sophos.com,mf-inbound-delivery
198.154.181.201,mfid-usw2.prod.hydra.sophos.com,mf-inbound-delivery
198.154.181.202,mfid-usw2.prod.hydra.sophos.com,mf-inbound-delivery
198.154.181.203,mfid-usw2.prod.hydra.sophos.com,mf-inbound-delivery
198.154.181.204,mfid-usw2.prod.hydra.sophos.com,mf-inbound-delivery
198.154.181.205,mfid-usw2.prod.hydra.sophos.com,mf-inbound-delivery
198.154.181.206,mfid-usw2.prod.hydra.sophos.com,mf-inbound-delivery
198.154.181.207,mfid-usw2.prod.hydra.sophos.com,mf-inbound-delivery
198.154.181.208,mfid-usw2.prod.hydra.sophos.com,mf-inbound-delivery
198.154.181.209,mfid-usw2.prod.hydra.sophos.com,mf-inbound-delivery
198.154.181.210,mfid-usw2.prod.hydra.sophos.com,mf-inbound-delivery
198.154.181.211,mfid-usw2.prod.hydra.sophos.com,mf-inbound-delivery
198.154.181.212,mfid-usw2.prod.hydra.sophos.com,mf-inbound-delivery
198.154.181.213,mfid-usw2.prod.hydra.sophos.com,mf-inbound-delivery
198.154.181.214,mfid-usw2.prod.hydra.sophos.com,mf-inbound-delivery
198.154.181.215,mfid-usw2.prod.hydra.sophos.com,mf-inbound-delivery
198.154.181.216,mfix-usw2.prod.hydra.sophos.com,mf-inbound-xdelivery
198.154.181.217,mfix-usw2.prod.hydra.sophos.com,mf-inbound-xdelivery
198.154.181.218,mfix-usw2.prod.hydra.sophos.com,mf-inbound-xdelivery
198.154.181.219,mfix-usw2.prod.hydra.sophos.com,mf-inbound-xdelivery
198.154.181.220,mfix-usw2.prod.hydra.sophos.com,mf-inbound-xdelivery
198.154.181.221,mfix-usw2.prod.hydra.sophos.com,mf-inbound-xdelivery
198.154.181.222,mfix-usw2.prod.hydra.sophos.com,mf-inbound-xdelivery
198.154.181.223,mfix-usw2.prod.hydra.sophos.com,mf-inbound-xdelivery
198.154.181.224,mfod-usw2.prod.hydra.sophos.com,mf-outbound-delivery
198.154.181.225,mfod-usw2.prod.hydra.sophos.com,mf-outbound-delivery
198.154.181.226,mfod-usw2.prod.hydra.sophos.com,mf-outbound-delivery
198.154.181.227,mfod-usw2.prod.hydra.sophos.com,mf-outbound-delivery
198.154.181.228,mfod-usw2.prod.hydra.sophos.com,mf-outbound-delivery
198.154.181.229,mfod-usw2.prod.hydra.sophos.com,mf-outbound-delivery
198.154.181.230,mfod-usw2.prod.hydra.sophos.com,mf-outbound-delivery
198.154.181.231,mfod-usw2.prod.hydra.sophos.com,mf-outbound-delivery
198.154.181.232,mfod-usw2.prod.hydra.sophos.com,mf-outbound-delivery
198.154.181.233,mfod-usw2.prod.hydra.sophos.com,mf-outbound-delivery
198.154.181.234,mfod-usw2.prod.hydra.sophos.com,mf-outbound-delivery
198.154.181.235,mfod-usw2.prod.hydra.sophos.com,mf-outbound-delivery
198.154.181.236,mfod-usw2.prod.hydra.sophos.com,mf-outbound-delivery
198.154.181.237,mfod-usw2.prod.hydra.sophos.com,mf-outbound-delivery
198.154.181.238,mfod-usw2.prod.hydra.sophos.com,mf-outbound-delivery
198.154.181.239,mfod-usw2.prod.hydra.sophos.com,mf-outbound-delivery
198.154.181.240,mfod-usw2.prod.hydra.sophos.com,mf-outbound-delivery
198.154.181.241,mfod-usw2.prod.hydra.sophos.com,mf-outbound-delivery
198.154.181.242,mfod-usw2.prod.hydra.sophos.com,mf-outbound-delivery
198.154.181.243,mfod-usw2.prod.hydra.sophos.com,mf-outbound-delivery
198.154.181.244,mfod-usw2.prod.hydra.sophos.com,mf-outbound-delivery
198.154.181.245,mfod-usw2.prod.hydra.sophos.com,mf-outbound-delivery
198.154.181.246,mfod-usw2.prod.hydra.sophos.com,mf-outbound-delivery
198.154.181.247,mfod-usw2.prod.hydra.sophos.com,mf-outbound-delivery
198.154.181.248,mfox-usw2.prod.hydra.sophos.com,mf-outbound-xdelivery
198.154.181.249,mfox-usw2.prod.hydra.sophos.com,mf-outbound-xdelivery
198.154.181.250,mfox-usw2.prod.hydra.sophos.com,mf-outbound-xdelivery
198.154.181.251,mfox-usw2.prod.hydra.sophos.com,mf-outbound-xdelivery
198.154.181.252,mfox-usw2.prod.hydra.sophos.com,mf-outbound-xdelivery
198.154.181.253,mfox-usw2.prod.hydra.sophos.com,mf-outbound-xdelivery
198.154.181.254,mfox-usw2.prod.hydra.sophos.com,mf-outbound-xdelivery
198.154.181.255,mfox-usw2.prod.hydra.sophos.com,mf-outbound-xdelivery